instance,n,prob,num_type,value
1-0,20,0.3,orig_minAB_obj,2270
1-0,20,0.3,orig_simpl_obj,3265
1-1,20,0.3,orig_minAB_obj,2720
1-1,20,0.3,orig_simpl_obj,2936
1-2,20,0.3,orig_minAB_obj,708
1-2,20,0.3,orig_simpl_obj,748
1-3,20,0.3,orig_minAB_obj,2034
1-3,20,0.3,orig_simpl_obj,2097
1-4,20,0.3,orig_minAB_obj,2300
1-4,20,0.3,orig_simpl_obj,2368
1-5,20,0.3,orig_minAB_obj,2724
1-5,20,0.3,orig_simpl_obj,2472
1-6,20,0.3,orig_minAB_obj,2757
1-6,20,0.3,orig_simpl_obj,2953
1-7,20,0.3,orig_minAB_obj,814
1-7,20,0.3,orig_simpl_obj,859
1-8,20,0.3,orig_minAB_obj,1520
1-8,20,0.3,orig_simpl_obj,1532
1-9,20,0.3,orig_minAB_obj,761
1-9,20,0.3,orig_simpl_obj,906
1-10,20,0.3,orig_minAB_obj,1553
1-10,20,0.3,orig_simpl_obj,2131
1-11,20,0.3,orig_minAB_obj,2026
1-11,20,0.3,orig_simpl_obj,1844
1-12,20,0.3,orig_minAB_obj,69
1-12,20,0.3,orig_simpl_obj,81
1-13,20,0.3,orig_minAB_obj,2745
1-13,20,0.3,orig_simpl_obj,3069
1-14,20,0.3,orig_minAB_obj,1393
1-14,20,0.3,orig_simpl_obj,1683
1-15,20,0.3,orig_minAB_obj,1666
1-15,20,0.3,orig_simpl_obj,1711
10-0,20,0.3,orig_minAB_obj,791
10-0,20,0.3,orig_simpl_obj,1150
10-1,20,0.3,orig_minAB_obj,2713
10-1,20,0.3,orig_simpl_obj,3020
10-2,20,0.3,orig_minAB_obj,2068
10-2,20,0.3,orig_simpl_obj,2329
10-3,20,0.3,orig_minAB_obj,634
10-3,20,0.3,orig_simpl_obj,599
10-4,20,0.3,orig_minAB_obj,763
10-4,20,0.3,orig_simpl_obj,849
10-5,20,0.3,orig_minAB_obj,337
10-5,20,0.3,orig_simpl_obj,361
10-6,20,0.3,orig_minAB_obj,801
10-6,20,0.3,orig_simpl_obj,1042
10-7,20,0.3,orig_minAB_obj,1715
10-7,20,0.3,orig_simpl_obj,2053
10-8,20,0.3,orig_minAB_obj,2094
10-8,20,0.3,orig_simpl_obj,2128
10-9,20,0.3,orig_minAB_obj,1307
10-9,20,0.3,orig_simpl_obj,2170
10-10,20,0.3,orig_minAB_obj,2710
10-10,20,0.3,orig_simpl_obj,2566
10-11,20,0.3,orig_minAB_obj,1837
10-11,20,0.3,orig_simpl_obj,2221
10-12,20,0.3,orig_minAB_obj,881
10-12,20,0.3,orig_simpl_obj,927
10-13,20,0.3,orig_minAB_obj,812
10-13,20,0.3,orig_simpl_obj,845
10-14,20,0.3,orig_minAB_obj,2828
10-14,20,0.3,orig_simpl_obj,3107
10-15,20,0.3,orig_minAB_obj,858
10-15,20,0.3,orig_simpl_obj,736
11-0,20,0.3,orig_minAB_obj,1041
11-0,20,0.3,orig_simpl_obj,1580
11-1,20,0.3,orig_minAB_obj,530
11-1,20,0.3,orig_simpl_obj,510
11-2,20,0.3,orig_minAB_obj,39
11-2,20,0.3,orig_simpl_obj,39
11-3,20,0.3,orig_minAB_obj,992
11-3,20,0.3,orig_simpl_obj,974
11-4,20,0.3,orig_minAB_obj,200
11-4,20,0.3,orig_simpl_obj,201
11-5,20,0.3,orig_minAB_obj,1183
11-5,20,0.3,orig_simpl_obj,1165
11-6,20,0.3,orig_minAB_obj,70
11-6,20,0.3,orig_simpl_obj,77
11-7,20,0.3,orig_minAB_obj,671
11-7,20,0.3,orig_simpl_obj,650
11-8,20,0.3,orig_minAB_obj,1179
11-8,20,0.3,orig_simpl_obj,1706
11-9,20,0.3,orig_minAB_obj,218
11-9,20,0.3,orig_simpl_obj,239
11-10,20,0.3,orig_minAB_obj,1476
11-10,20,0.3,orig_simpl_obj,1824
11-11,20,0.3,orig_minAB_obj,1810
11-11,20,0.3,orig_simpl_obj,1944
11-12,20,0.3,orig_minAB_obj,437
11-12,20,0.3,orig_simpl_obj,515
11-13,20,0.3,orig_minAB_obj,1448
11-13,20,0.3,orig_simpl_obj,1552
11-14,20,0.3,orig_minAB_obj,131
11-14,20,0.3,orig_simpl_obj,112
11-15,20,0.3,orig_minAB_obj,2896
11-15,20,0.3,orig_simpl_obj,3914
12-0,20,0.3,orig_minAB_obj,474
12-0,20,0.3,orig_simpl_obj,386
12-1,20,0.3,orig_minAB_obj,995
12-1,20,0.3,orig_simpl_obj,945
12-2,20,0.3,orig_minAB_obj,194
12-2,20,0.3,orig_simpl_obj,189
12-3,20,0.3,orig_minAB_obj,2214
12-3,20,0.3,orig_simpl_obj,2413
12-4,20,0.3,orig_minAB_obj,1931
12-4,20,0.3,orig_simpl_obj,2486
12-5,20,0.3,orig_minAB_obj,1994
12-5,20,0.3,orig_simpl_obj,1824
12-6,20,0.3,orig_minAB_obj,2848
12-6,20,0.3,orig_simpl_obj,3227
12-7,20,0.3,orig_minAB_obj,2984
12-7,20,0.3,orig_simpl_obj,3265
12-8,20,0.3,orig_minAB_obj,679
12-8,20,0.3,orig_simpl_obj,526
12-9,20,0.3,orig_minAB_obj,629
12-9,20,0.3,orig_simpl_obj,624
12-10,20,0.3,orig_minAB_obj,3330
12-10,20,0.3,orig_simpl_obj,2554
12-11,20,0.3,orig_minAB_obj,1792
12-11,20,0.3,orig_simpl_obj,2580
12-12,20,0.3,orig_minAB_obj,905
12-12,20,0.3,orig_simpl_obj,1123
12-13,20,0.3,orig_minAB_obj,1935
12-13,20,0.3,orig_simpl_obj,2394
12-14,20,0.3,orig_minAB_obj,1953
12-14,20,0.3,orig_simpl_obj,2168
12-15,20,0.3,orig_minAB_obj,145
12-15,20,0.3,orig_simpl_obj,142
13-0,20,0.3,orig_minAB_obj,1014
13-0,20,0.3,orig_simpl_obj,964
13-1,20,0.3,orig_minAB_obj,1799
13-1,20,0.3,orig_simpl_obj,1704
13-2,20,0.3,orig_minAB_obj,165
13-2,20,0.3,orig_simpl_obj,200
13-3,20,0.3,orig_minAB_obj,2239
13-3,20,0.3,orig_simpl_obj,2567
13-4,20,0.3,orig_minAB_obj,2061
13-4,20,0.3,orig_simpl_obj,3062
13-5,20,0.3,orig_minAB_obj,598
13-5,20,0.3,orig_simpl_obj,638
13-6,20,0.3,orig_minAB_obj,722
13-6,20,0.3,orig_simpl_obj,491
13-7,20,0.3,orig_minAB_obj,273
13-7,20,0.3,orig_simpl_obj,279
13-8,20,0.3,orig_minAB_obj,1281
13-8,20,0.3,orig_simpl_obj,1374
13-9,20,0.3,orig_minAB_obj,1469
13-9,20,0.3,orig_simpl_obj,1455
13-10,20,0.3,orig_minAB_obj,748
13-10,20,0.3,orig_simpl_obj,883
13-11,20,0.3,orig_minAB_obj,1570
13-11,20,0.3,orig_simpl_obj,1762
13-12,20,0.3,orig_minAB_obj,1704
13-12,20,0.3,orig_simpl_obj,1761
13-13,20,0.3,orig_minAB_obj,1707
13-13,20,0.3,orig_simpl_obj,1492
13-14,20,0.3,orig_minAB_obj,1050
13-14,20,0.3,orig_simpl_obj,976
13-15,20,0.3,orig_minAB_obj,444
13-15,20,0.3,orig_simpl_obj,432
14-0,20,0.3,orig_minAB_obj,1443
14-0,20,0.3,orig_simpl_obj,1439
14-1,20,0.3,orig_minAB_obj,1310
14-1,20,0.3,orig_simpl_obj,1279
14-2,20,0.3,orig_minAB_obj,1123
14-2,20,0.3,orig_simpl_obj,1240
14-3,20,0.3,orig_minAB_obj,1686
14-3,20,0.3,orig_simpl_obj,1810
14-4,20,0.3,orig_minAB_obj,179
14-4,20,0.3,orig_simpl_obj,175
14-5,20,0.3,orig_minAB_obj,775
14-5,20,0.3,orig_simpl_obj,791
14-6,20,0.3,orig_minAB_obj,1886
14-6,20,0.3,orig_simpl_obj,2436
14-7,20,0.3,orig_minAB_obj,2276
14-7,20,0.3,orig_simpl_obj,1720
14-8,20,0.3,orig_minAB_obj,895
14-8,20,0.3,orig_simpl_obj,981
14-9,20,0.3,orig_minAB_obj,969
14-9,20,0.3,orig_simpl_obj,1064
14-10,20,0.3,orig_minAB_obj,1087
14-10,20,0.3,orig_simpl_obj,1074
14-11,20,0.3,orig_minAB_obj,314
14-11,20,0.3,orig_simpl_obj,261
14-12,20,0.3,orig_minAB_obj,1415
14-12,20,0.3,orig_simpl_obj,1704
14-13,20,0.3,orig_minAB_obj,98
14-13,20,0.3,orig_simpl_obj,117
14-14,20,0.3,orig_minAB_obj,1488
14-14,20,0.3,orig_simpl_obj,1692
14-15,20,0.3,orig_minAB_obj,2113
14-15,20,0.3,orig_simpl_obj,2303
15-0,20,0.3,orig_minAB_obj,711
15-0,20,0.3,orig_simpl_obj,697
15-1,20,0.3,orig_minAB_obj,205
15-1,20,0.3,orig_simpl_obj,194
15-2,20,0.3,orig_minAB_obj,2280
15-2,20,0.3,orig_simpl_obj,2575
15-3,20,0.3,orig_minAB_obj,76
15-3,20,0.3,orig_simpl_obj,81
15-4,20,0.3,orig_minAB_obj,269
15-4,20,0.3,orig_simpl_obj,284
15-5,20,0.3,orig_minAB_obj,476
15-5,20,0.3,orig_simpl_obj,493
15-6,20,0.3,orig_minAB_obj,283
15-6,20,0.3,orig_simpl_obj,343
15-7,20,0.3,orig_minAB_obj,1896
15-7,20,0.3,orig_simpl_obj,1896
15-8,20,0.3,orig_minAB_obj,199
15-8,20,0.3,orig_simpl_obj,210
15-9,20,0.3,orig_minAB_obj,864
15-9,20,0.3,orig_simpl_obj,957
15-10,20,0.3,orig_minAB_obj,2371
15-10,20,0.3,orig_simpl_obj,2470
15-11,20,0.3,orig_minAB_obj,2470
15-11,20,0.3,orig_simpl_obj,2578
15-12,20,0.3,orig_minAB_obj,594
15-12,20,0.3,orig_simpl_obj,880
15-13,20,0.3,orig_minAB_obj,1703
15-13,20,0.3,orig_simpl_obj,1395
15-14,20,0.3,orig_minAB_obj,3988
15-14,20,0.3,orig_simpl_obj,2798
15-15,20,0.3,orig_minAB_obj,2934
15-15,20,0.3,orig_simpl_obj,3548
16-0,20,0.3,orig_minAB_obj,2747
16-0,20,0.3,orig_simpl_obj,2918
16-1,20,0.3,orig_minAB_obj,1181
16-1,20,0.3,orig_simpl_obj,1476
16-2,20,0.3,orig_minAB_obj,1546
16-2,20,0.3,orig_simpl_obj,1618
16-3,20,0.3,orig_minAB_obj,1320
16-3,20,0.3,orig_simpl_obj,1387
16-4,20,0.3,orig_minAB_obj,1355
16-4,20,0.3,orig_simpl_obj,1414
16-5,20,0.3,orig_minAB_obj,1121
16-5,20,0.3,orig_simpl_obj,1384
16-6,20,0.3,orig_minAB_obj,1107
16-6,20,0.3,orig_simpl_obj,1017
16-7,20,0.3,orig_minAB_obj,2388
16-7,20,0.3,orig_simpl_obj,3065
16-8,20,0.3,orig_minAB_obj,3602
16-8,20,0.3,orig_simpl_obj,3290
16-9,20,0.3,orig_minAB_obj,3102
16-9,20,0.3,orig_simpl_obj,3010
16-10,20,0.3,orig_minAB_obj,3244
16-10,20,0.3,orig_simpl_obj,3526
16-11,20,0.3,orig_minAB_obj,1311
16-11,20,0.3,orig_simpl_obj,1483
16-12,20,0.3,orig_minAB_obj,463
16-12,20,0.3,orig_simpl_obj,407
16-13,20,0.3,orig_minAB_obj,323
16-13,20,0.3,orig_simpl_obj,376
16-14,20,0.3,orig_minAB_obj,62
16-14,20,0.3,orig_simpl_obj,80
16-15,20,0.3,orig_minAB_obj,2254
16-15,20,0.3,orig_simpl_obj,1864
17-0,20,0.3,orig_minAB_obj,696
17-0,20,0.3,orig_simpl_obj,733
17-1,20,0.3,orig_minAB_obj,1228
17-1,20,0.3,orig_simpl_obj,1341
17-2,20,0.3,orig_minAB_obj,737
17-2,20,0.3,orig_simpl_obj,765
17-3,20,0.3,orig_minAB_obj,1113
17-3,20,0.3,orig_simpl_obj,1051
17-4,20,0.3,orig_minAB_obj,2161
17-4,20,0.3,orig_simpl_obj,2264
17-5,20,0.3,orig_minAB_obj,1568
17-5,20,0.3,orig_simpl_obj,2380
17-6,20,0.3,orig_minAB_obj,1601
17-6,20,0.3,orig_simpl_obj,1682
17-7,20,0.3,orig_minAB_obj,1992
17-7,20,0.3,orig_simpl_obj,2693
17-8,20,0.3,orig_minAB_obj,1290
17-8,20,0.3,orig_simpl_obj,1240
17-9,20,0.3,orig_minAB_obj,258
17-9,20,0.3,orig_simpl_obj,268
17-10,20,0.3,orig_minAB_obj,1830
17-10,20,0.3,orig_simpl_obj,1632
17-11,20,0.3,orig_minAB_obj,2010
17-11,20,0.3,orig_simpl_obj,2179
17-12,20,0.3,orig_minAB_obj,1953
17-12,20,0.3,orig_simpl_obj,2290
17-13,20,0.3,orig_minAB_obj,2350
17-13,20,0.3,orig_simpl_obj,3242
17-14,20,0.3,orig_minAB_obj,2175
17-14,20,0.3,orig_simpl_obj,2793
17-15,20,0.3,orig_minAB_obj,1174
17-15,20,0.3,orig_simpl_obj,946
18-0,20,0.3,orig_minAB_obj,1417
18-0,20,0.3,orig_simpl_obj,1452
18-1,20,0.3,orig_minAB_obj,295
18-1,20,0.3,orig_simpl_obj,306
18-2,20,0.3,orig_minAB_obj,911
18-2,20,0.3,orig_simpl_obj,1036
18-3,20,0.3,orig_minAB_obj,425
18-3,20,0.3,orig_simpl_obj,549
18-4,20,0.3,orig_minAB_obj,307
18-4,20,0.3,orig_simpl_obj,286
18-5,20,0.3,orig_minAB_obj,1664
18-5,20,0.3,orig_simpl_obj,1987
18-6,20,0.3,orig_minAB_obj,1923
18-6,20,0.3,orig_simpl_obj,2254
18-7,20,0.3,orig_minAB_obj,1256
18-7,20,0.3,orig_simpl_obj,1445
18-8,20,0.3,orig_minAB_obj,2632
18-8,20,0.3,orig_simpl_obj,3114
18-9,20,0.3,orig_minAB_obj,134
18-9,20,0.3,orig_simpl_obj,133
18-10,20,0.3,orig_minAB_obj,2455
18-10,20,0.3,orig_simpl_obj,2847
18-11,20,0.3,orig_minAB_obj,1753
18-11,20,0.3,orig_simpl_obj,1551
18-12,20,0.3,orig_minAB_obj,1462
18-12,20,0.3,orig_simpl_obj,1330
18-13,20,0.3,orig_minAB_obj,882
18-13,20,0.3,orig_simpl_obj,951
18-14,20,0.3,orig_minAB_obj,836
18-14,20,0.3,orig_simpl_obj,1041
18-15,20,0.3,orig_minAB_obj,1629
18-15,20,0.3,orig_simpl_obj,1766
19-0,20,0.3,orig_minAB_obj,396
19-0,20,0.3,orig_simpl_obj,448
19-1,20,0.3,orig_minAB_obj,1681
19-1,20,0.3,orig_simpl_obj,1694
19-2,20,0.3,orig_minAB_obj,2036
19-2,20,0.3,orig_simpl_obj,2267
19-3,20,0.3,orig_minAB_obj,2792
19-3,20,0.3,orig_simpl_obj,3013
19-4,20,0.3,orig_minAB_obj,1903
19-4,20,0.3,orig_simpl_obj,2222
19-5,20,0.3,orig_minAB_obj,1705
19-5,20,0.3,orig_simpl_obj,2234
19-6,20,0.3,orig_minAB_obj,2183
19-6,20,0.3,orig_simpl_obj,2873
19-7,20,0.3,orig_minAB_obj,1392
19-7,20,0.3,orig_simpl_obj,1417
19-8,20,0.3,orig_minAB_obj,316
19-8,20,0.3,orig_simpl_obj,408
19-9,20,0.3,orig_minAB_obj,1145
19-9,20,0.3,orig_simpl_obj,1159
19-10,20,0.3,orig_minAB_obj,892
19-10,20,0.3,orig_simpl_obj,830
19-11,20,0.3,orig_minAB_obj,903
19-11,20,0.3,orig_simpl_obj,643
19-12,20,0.3,orig_minAB_obj,2156
19-12,20,0.3,orig_simpl_obj,2181
19-13,20,0.3,orig_minAB_obj,1710
19-13,20,0.3,orig_simpl_obj,1846
19-14,20,0.3,orig_minAB_obj,1268
19-14,20,0.3,orig_simpl_obj,1757
19-15,20,0.3,orig_minAB_obj,1290
19-15,20,0.3,orig_simpl_obj,1785
2-0,20,0.3,orig_minAB_obj,2443
2-0,20,0.3,orig_simpl_obj,2072
2-1,20,0.3,orig_minAB_obj,354
2-1,20,0.3,orig_simpl_obj,319
2-2,20,0.3,orig_minAB_obj,156
2-2,20,0.3,orig_simpl_obj,180
2-3,20,0.3,orig_minAB_obj,329
2-3,20,0.3,orig_simpl_obj,309
2-4,20,0.3,orig_minAB_obj,1335
2-4,20,0.3,orig_simpl_obj,1604
2-5,20,0.3,orig_minAB_obj,2043
2-5,20,0.3,orig_simpl_obj,3196
2-6,20,0.3,orig_minAB_obj,2497
2-6,20,0.3,orig_simpl_obj,2730
2-7,20,0.3,orig_minAB_obj,1732
2-7,20,0.3,orig_simpl_obj,1716
2-8,20,0.3,orig_minAB_obj,1901
2-8,20,0.3,orig_simpl_obj,2654
2-9,20,0.3,orig_minAB_obj,220
2-9,20,0.3,orig_simpl_obj,242
2-10,20,0.3,orig_minAB_obj,1780
2-10,20,0.3,orig_simpl_obj,1716
2-11,20,0.3,orig_minAB_obj,2492
2-11,20,0.3,orig_simpl_obj,3254
2-12,20,0.3,orig_minAB_obj,1116
2-12,20,0.3,orig_simpl_obj,1194
2-13,20,0.3,orig_minAB_obj,1453
2-13,20,0.3,orig_simpl_obj,1942
2-14,20,0.3,orig_minAB_obj,1021
2-14,20,0.3,orig_simpl_obj,1038
2-15,20,0.3,orig_minAB_obj,506
2-15,20,0.3,orig_simpl_obj,544
20-0,20,0.3,orig_minAB_obj,568
20-0,20,0.3,orig_simpl_obj,655
20-1,20,0.3,orig_minAB_obj,139
20-1,20,0.3,orig_simpl_obj,152
20-2,20,0.3,orig_minAB_obj,1261
20-2,20,0.3,orig_simpl_obj,1612
20-3,20,0.3,orig_minAB_obj,1538
20-3,20,0.3,orig_simpl_obj,2223
20-4,20,0.3,orig_minAB_obj,3127
20-4,20,0.3,orig_simpl_obj,3279
20-5,20,0.3,orig_minAB_obj,1163
20-5,20,0.3,orig_simpl_obj,1835
20-6,20,0.3,orig_minAB_obj,1048
20-6,20,0.3,orig_simpl_obj,1303
20-7,20,0.3,orig_minAB_obj,2060
20-7,20,0.3,orig_simpl_obj,2377
20-8,20,0.3,orig_minAB_obj,54
20-8,20,0.3,orig_simpl_obj,52
20-9,20,0.3,orig_minAB_obj,1556
20-9,20,0.3,orig_simpl_obj,1668
20-10,20,0.3,orig_minAB_obj,80
20-10,20,0.3,orig_simpl_obj,103
20-11,20,0.3,orig_minAB_obj,835
20-11,20,0.3,orig_simpl_obj,922
20-12,20,0.3,orig_minAB_obj,1217
20-12,20,0.3,orig_simpl_obj,1375
20-13,20,0.3,orig_minAB_obj,39
20-13,20,0.3,orig_simpl_obj,39
20-14,20,0.3,orig_minAB_obj,1261
20-14,20,0.3,orig_simpl_obj,1496
20-15,20,0.3,orig_minAB_obj,3451
20-15,20,0.3,orig_simpl_obj,4908
21-0,20,0.3,orig_minAB_obj,2979
21-0,20,0.3,orig_simpl_obj,3084
21-1,20,0.3,orig_minAB_obj,668
21-1,20,0.3,orig_simpl_obj,636
21-2,20,0.3,orig_minAB_obj,1532
21-2,20,0.3,orig_simpl_obj,1748
21-3,20,0.3,orig_minAB_obj,1350
21-3,20,0.3,orig_simpl_obj,1317
21-4,20,0.3,orig_minAB_obj,1139
21-4,20,0.3,orig_simpl_obj,1309
21-5,20,0.3,orig_minAB_obj,1966
21-5,20,0.3,orig_simpl_obj,2005
21-6,20,0.3,orig_minAB_obj,354
21-6,20,0.3,orig_simpl_obj,391
21-7,20,0.3,orig_minAB_obj,805
21-7,20,0.3,orig_simpl_obj,1096
21-8,20,0.3,orig_minAB_obj,2335
21-8,20,0.3,orig_simpl_obj,2366
21-9,20,0.3,orig_minAB_obj,1237
21-9,20,0.3,orig_simpl_obj,1488
21-10,20,0.3,orig_minAB_obj,101
21-10,20,0.3,orig_simpl_obj,98
21-11,20,0.3,orig_minAB_obj,157
21-11,20,0.3,orig_simpl_obj,147
21-12,20,0.3,orig_minAB_obj,1870
21-12,20,0.3,orig_simpl_obj,1705
21-13,20,0.3,orig_minAB_obj,3532
21-13,20,0.3,orig_simpl_obj,3122
21-14,20,0.3,orig_minAB_obj,2609
21-14,20,0.3,orig_simpl_obj,2779
21-15,20,0.3,orig_minAB_obj,1608
21-15,20,0.3,orig_simpl_obj,2165
22-0,20,0.3,orig_minAB_obj,2645
22-0,20,0.3,orig_simpl_obj,3406
22-1,20,0.3,orig_minAB_obj,1521
22-1,20,0.3,orig_simpl_obj,2534
22-2,20,0.3,orig_minAB_obj,999
22-2,20,0.3,orig_simpl_obj,865
22-3,20,0.3,orig_minAB_obj,2472
22-3,20,0.3,orig_simpl_obj,3073
22-4,20,0.3,orig_minAB_obj,61
22-4,20,0.3,orig_simpl_obj,61
22-5,20,0.3,orig_minAB_obj,1145
22-5,20,0.3,orig_simpl_obj,1478
22-6,20,0.3,orig_minAB_obj,3444
22-6,20,0.3,orig_simpl_obj,4945
22-7,20,0.3,orig_minAB_obj,2286
22-7,20,0.3,orig_simpl_obj,2419
22-8,20,0.3,orig_minAB_obj,3939
22-8,20,0.3,orig_simpl_obj,4564
22-9,20,0.3,orig_minAB_obj,2186
22-9,20,0.3,orig_simpl_obj,1850
22-10,20,0.3,orig_minAB_obj,1938
22-10,20,0.3,orig_simpl_obj,2277
22-11,20,0.3,orig_minAB_obj,1474
22-11,20,0.3,orig_simpl_obj,1469
22-12,20,0.3,orig_minAB_obj,394
22-12,20,0.3,orig_simpl_obj,367
22-13,20,0.3,orig_minAB_obj,1360
22-13,20,0.3,orig_simpl_obj,1295
22-14,20,0.3,orig_minAB_obj,1610
22-14,20,0.3,orig_simpl_obj,2150
22-15,20,0.3,orig_minAB_obj,4169
22-15,20,0.3,orig_simpl_obj,4020
23-0,20,0.3,orig_minAB_obj,94
23-0,20,0.3,orig_simpl_obj,97
23-1,20,0.3,orig_minAB_obj,141
23-1,20,0.3,orig_simpl_obj,132
23-2,20,0.3,orig_minAB_obj,2362
23-2,20,0.3,orig_simpl_obj,2042
23-3,20,0.3,orig_minAB_obj,987
23-3,20,0.3,orig_simpl_obj,997
23-4,20,0.3,orig_minAB_obj,976
23-4,20,0.3,orig_simpl_obj,1137
23-5,20,0.3,orig_minAB_obj,3495
23-5,20,0.3,orig_simpl_obj,3428
23-6,20,0.3,orig_minAB_obj,1757
23-6,20,0.3,orig_simpl_obj,1602
23-7,20,0.3,orig_minAB_obj,524
23-7,20,0.3,orig_simpl_obj,483
23-8,20,0.3,orig_minAB_obj,1645
23-8,20,0.3,orig_simpl_obj,1551
23-9,20,0.3,orig_minAB_obj,3043
23-9,20,0.3,orig_simpl_obj,3134
23-10,20,0.3,orig_minAB_obj,927
23-10,20,0.3,orig_simpl_obj,953
23-11,20,0.3,orig_minAB_obj,946
23-11,20,0.3,orig_simpl_obj,1343
23-12,20,0.3,orig_minAB_obj,2849
23-12,20,0.3,orig_simpl_obj,2948
23-13,20,0.3,orig_minAB_obj,1987
23-13,20,0.3,orig_simpl_obj,2145
23-14,20,0.3,orig_minAB_obj,263
23-14,20,0.3,orig_simpl_obj,279
23-15,20,0.3,orig_minAB_obj,311
23-15,20,0.3,orig_simpl_obj,345
24-0,20,0.3,orig_minAB_obj,67
24-0,20,0.3,orig_simpl_obj,66
24-1,20,0.3,orig_minAB_obj,376
24-1,20,0.3,orig_simpl_obj,394
24-2,20,0.3,orig_minAB_obj,1537
24-2,20,0.3,orig_simpl_obj,1493
24-3,20,0.3,orig_minAB_obj,1399
24-3,20,0.3,orig_simpl_obj,1568
24-4,20,0.3,orig_minAB_obj,1366
24-4,20,0.3,orig_simpl_obj,1884
24-5,20,0.3,orig_minAB_obj,2438
24-5,20,0.3,orig_simpl_obj,2616
24-6,20,0.3,orig_minAB_obj,899
24-6,20,0.3,orig_simpl_obj,958
24-7,20,0.3,orig_minAB_obj,586
24-7,20,0.3,orig_simpl_obj,555
24-8,20,0.3,orig_minAB_obj,2547
24-8,20,0.3,orig_simpl_obj,3681
24-9,20,0.3,orig_minAB_obj,2719
24-9,20,0.3,orig_simpl_obj,3034
24-10,20,0.3,orig_minAB_obj,1170
24-10,20,0.3,orig_simpl_obj,1179
24-11,20,0.3,orig_minAB_obj,1456
24-11,20,0.3,orig_simpl_obj,1450
24-12,20,0.3,orig_minAB_obj,225
24-12,20,0.3,orig_simpl_obj,245
24-13,20,0.3,orig_minAB_obj,185
24-13,20,0.3,orig_simpl_obj,213
24-14,20,0.3,orig_minAB_obj,161
24-14,20,0.3,orig_simpl_obj,188
24-15,20,0.3,orig_minAB_obj,2346
24-15,20,0.3,orig_simpl_obj,2907
25-0,20,0.3,orig_minAB_obj,304
25-0,20,0.3,orig_simpl_obj,335
25-1,20,0.3,orig_minAB_obj,1289
25-1,20,0.3,orig_simpl_obj,1498
25-2,20,0.3,orig_minAB_obj,2611
25-2,20,0.3,orig_simpl_obj,2579
25-3,20,0.3,orig_minAB_obj,1528
25-3,20,0.3,orig_simpl_obj,1685
25-4,20,0.3,orig_minAB_obj,1760
25-4,20,0.3,orig_simpl_obj,1793
25-5,20,0.3,orig_minAB_obj,112
25-5,20,0.3,orig_simpl_obj,114
25-6,20,0.3,orig_minAB_obj,1633
25-6,20,0.3,orig_simpl_obj,2242
25-7,20,0.3,orig_minAB_obj,1140
25-7,20,0.3,orig_simpl_obj,1473
25-8,20,0.3,orig_minAB_obj,2972
25-8,20,0.3,orig_simpl_obj,2610
25-9,20,0.3,orig_minAB_obj,2950
25-9,20,0.3,orig_simpl_obj,3140
25-10,20,0.3,orig_minAB_obj,287
25-10,20,0.3,orig_simpl_obj,278
25-11,20,0.3,orig_minAB_obj,2236
25-11,20,0.3,orig_simpl_obj,2307
25-12,20,0.3,orig_minAB_obj,1985
25-12,20,0.3,orig_simpl_obj,2417
25-13,20,0.3,orig_minAB_obj,1393
25-13,20,0.3,orig_simpl_obj,1597
25-14,20,0.3,orig_minAB_obj,2360
25-14,20,0.3,orig_simpl_obj,2397
25-15,20,0.3,orig_minAB_obj,1795
25-15,20,0.3,orig_simpl_obj,2142
26-0,20,0.3,orig_minAB_obj,1524
26-0,20,0.3,orig_simpl_obj,2010
26-1,20,0.3,orig_minAB_obj,2384
26-1,20,0.3,orig_simpl_obj,2827
26-2,20,0.3,orig_minAB_obj,844
26-2,20,0.3,orig_simpl_obj,859
26-3,20,0.3,orig_minAB_obj,748
26-3,20,0.3,orig_simpl_obj,752
26-4,20,0.3,orig_minAB_obj,1999
26-4,20,0.3,orig_simpl_obj,2221
26-5,20,0.3,orig_minAB_obj,1865
26-5,20,0.3,orig_simpl_obj,2092
26-6,20,0.3,orig_minAB_obj,1111
26-6,20,0.3,orig_simpl_obj,1210
26-7,20,0.3,orig_minAB_obj,1868
26-7,20,0.3,orig_simpl_obj,2592
26-8,20,0.3,orig_minAB_obj,1267
26-8,20,0.3,orig_simpl_obj,1306
26-9,20,0.3,orig_minAB_obj,989
26-9,20,0.3,orig_simpl_obj,913
26-10,20,0.3,orig_minAB_obj,1569
26-10,20,0.3,orig_simpl_obj,1558
26-11,20,0.3,orig_minAB_obj,1740
26-11,20,0.3,orig_simpl_obj,1597
26-12,20,0.3,orig_minAB_obj,1899
26-12,20,0.3,orig_simpl_obj,2082
26-13,20,0.3,orig_minAB_obj,1149
26-13,20,0.3,orig_simpl_obj,1048
26-14,20,0.3,orig_minAB_obj,598
26-14,20,0.3,orig_simpl_obj,695
26-15,20,0.3,orig_minAB_obj,714
26-15,20,0.3,orig_simpl_obj,1020
27-0,20,0.3,orig_minAB_obj,838
27-0,20,0.3,orig_simpl_obj,794
27-1,20,0.3,orig_minAB_obj,1008
27-1,20,0.3,orig_simpl_obj,1021
27-2,20,0.3,orig_minAB_obj,1366
27-2,20,0.3,orig_simpl_obj,1913
27-3,20,0.3,orig_minAB_obj,837
27-3,20,0.3,orig_simpl_obj,1109
27-4,20,0.3,orig_minAB_obj,46
27-4,20,0.3,orig_simpl_obj,47
27-5,20,0.3,orig_minAB_obj,2406
27-5,20,0.3,orig_simpl_obj,2368
27-6,20,0.3,orig_minAB_obj,950
27-6,20,0.3,orig_simpl_obj,1044
27-7,20,0.3,orig_minAB_obj,1856
27-7,20,0.3,orig_simpl_obj,2220
27-8,20,0.3,orig_minAB_obj,685
27-8,20,0.3,orig_simpl_obj,889
27-9,20,0.3,orig_minAB_obj,39
27-9,20,0.3,orig_simpl_obj,39
27-10,20,0.3,orig_minAB_obj,360
27-10,20,0.3,orig_simpl_obj,401
27-11,20,0.3,orig_minAB_obj,2386
27-11,20,0.3,orig_simpl_obj,2336
27-12,20,0.3,orig_minAB_obj,970
27-12,20,0.3,orig_simpl_obj,1024
27-13,20,0.3,orig_minAB_obj,74
27-13,20,0.3,orig_simpl_obj,67
27-14,20,0.3,orig_minAB_obj,1404
27-14,20,0.3,orig_simpl_obj,1457
27-15,20,0.3,orig_minAB_obj,121
27-15,20,0.3,orig_simpl_obj,113
28-0,20,0.3,orig_minAB_obj,1023
28-0,20,0.3,orig_simpl_obj,1122
28-1,20,0.3,orig_minAB_obj,2403
28-1,20,0.3,orig_simpl_obj,2639
28-2,20,0.3,orig_minAB_obj,2396
28-2,20,0.3,orig_simpl_obj,2167
28-3,20,0.3,orig_minAB_obj,1028
28-3,20,0.3,orig_simpl_obj,1107
28-4,20,0.3,orig_minAB_obj,514
28-4,20,0.3,orig_simpl_obj,569
28-5,20,0.3,orig_minAB_obj,195
28-5,20,0.3,orig_simpl_obj,215
28-6,20,0.3,orig_minAB_obj,149
28-6,20,0.3,orig_simpl_obj,158
28-7,20,0.3,orig_minAB_obj,845
28-7,20,0.3,orig_simpl_obj,1190
28-8,20,0.3,orig_minAB_obj,216
28-8,20,0.3,orig_simpl_obj,201
28-9,20,0.3,orig_minAB_obj,1623
28-9,20,0.3,orig_simpl_obj,1609
28-10,20,0.3,orig_minAB_obj,1534
28-10,20,0.3,orig_simpl_obj,1811
28-11,20,0.3,orig_minAB_obj,1609
28-11,20,0.3,orig_simpl_obj,1578
28-12,20,0.3,orig_minAB_obj,67
28-12,20,0.3,orig_simpl_obj,71
28-13,20,0.3,orig_minAB_obj,671
28-13,20,0.3,orig_simpl_obj,717
28-14,20,0.3,orig_minAB_obj,1163
28-14,20,0.3,orig_simpl_obj,1130
28-15,20,0.3,orig_minAB_obj,378
28-15,20,0.3,orig_simpl_obj,534
29-0,20,0.3,orig_minAB_obj,558
29-0,20,0.3,orig_simpl_obj,817
29-1,20,0.3,orig_minAB_obj,413
29-1,20,0.3,orig_simpl_obj,466
29-2,20,0.3,orig_minAB_obj,1015
29-2,20,0.3,orig_simpl_obj,1130
29-3,20,0.3,orig_minAB_obj,1917
29-3,20,0.3,orig_simpl_obj,2872
29-4,20,0.3,orig_minAB_obj,155
29-4,20,0.3,orig_simpl_obj,166
29-5,20,0.3,orig_minAB_obj,2678
29-5,20,0.3,orig_simpl_obj,3285
29-6,20,0.3,orig_minAB_obj,382
29-6,20,0.3,orig_simpl_obj,403
29-7,20,0.3,orig_minAB_obj,1287
29-7,20,0.3,orig_simpl_obj,1416
29-8,20,0.3,orig_minAB_obj,1873
29-8,20,0.3,orig_simpl_obj,1761
29-9,20,0.3,orig_minAB_obj,1125
29-9,20,0.3,orig_simpl_obj,1191
29-10,20,0.3,orig_minAB_obj,2014
29-10,20,0.3,orig_simpl_obj,1840
29-11,20,0.3,orig_minAB_obj,2508
29-11,20,0.3,orig_simpl_obj,2934
29-12,20,0.3,orig_minAB_obj,1950
29-12,20,0.3,orig_simpl_obj,2584
29-13,20,0.3,orig_minAB_obj,109
29-13,20,0.3,orig_simpl_obj,137
29-14,20,0.3,orig_minAB_obj,2574
29-14,20,0.3,orig_simpl_obj,2834
29-15,20,0.3,orig_minAB_obj,984
29-15,20,0.3,orig_simpl_obj,1000
3-0,20,0.3,orig_minAB_obj,896
3-0,20,0.3,orig_simpl_obj,931
3-1,20,0.3,orig_minAB_obj,512
3-1,20,0.3,orig_simpl_obj,505
3-2,20,0.3,orig_minAB_obj,2329
3-2,20,0.3,orig_simpl_obj,2435
3-3,20,0.3,orig_minAB_obj,902
3-3,20,0.3,orig_simpl_obj,672
3-4,20,0.3,orig_minAB_obj,950
3-4,20,0.3,orig_simpl_obj,1210
3-5,20,0.3,orig_minAB_obj,1749
3-5,20,0.3,orig_simpl_obj,2102
3-6,20,0.3,orig_minAB_obj,1589
3-6,20,0.3,orig_simpl_obj,1572
3-7,20,0.3,orig_minAB_obj,130
3-7,20,0.3,orig_simpl_obj,163
3-8,20,0.3,orig_minAB_obj,511
3-8,20,0.3,orig_simpl_obj,618
3-9,20,0.3,orig_minAB_obj,242
3-9,20,0.3,orig_simpl_obj,269
3-10,20,0.3,orig_minAB_obj,1364
3-10,20,0.3,orig_simpl_obj,1460
3-11,20,0.3,orig_minAB_obj,1157
3-11,20,0.3,orig_simpl_obj,1889
3-12,20,0.3,orig_minAB_obj,3760
3-12,20,0.3,orig_simpl_obj,3554
3-13,20,0.3,orig_minAB_obj,2488
3-13,20,0.3,orig_simpl_obj,2656
3-14,20,0.3,orig_minAB_obj,2585
3-14,20,0.3,orig_simpl_obj,3819
3-15,20,0.3,orig_minAB_obj,1650
3-15,20,0.3,orig_simpl_obj,2213
30-0,20,0.3,orig_minAB_obj,1698
30-0,20,0.3,orig_simpl_obj,1585
30-1,20,0.3,orig_minAB_obj,2174
30-1,20,0.3,orig_simpl_obj,2132
30-2,20,0.3,orig_minAB_obj,1568
30-2,20,0.3,orig_simpl_obj,1828
30-3,20,0.3,orig_minAB_obj,269
30-3,20,0.3,orig_simpl_obj,256
30-4,20,0.3,orig_minAB_obj,1752
30-4,20,0.3,orig_simpl_obj,1857
30-5,20,0.3,orig_minAB_obj,492
30-5,20,0.3,orig_simpl_obj,483
30-6,20,0.3,orig_minAB_obj,1102
30-6,20,0.3,orig_simpl_obj,1505
30-7,20,0.3,orig_minAB_obj,671
30-7,20,0.3,orig_simpl_obj,684
30-8,20,0.3,orig_minAB_obj,369
30-8,20,0.3,orig_simpl_obj,369
30-9,20,0.3,orig_minAB_obj,39
30-9,20,0.3,orig_simpl_obj,39
30-10,20,0.3,orig_minAB_obj,1425
30-10,20,0.3,orig_simpl_obj,1640
30-11,20,0.3,orig_minAB_obj,755
30-11,20,0.3,orig_simpl_obj,830
30-12,20,0.3,orig_minAB_obj,2190
30-12,20,0.3,orig_simpl_obj,2460
30-13,20,0.3,orig_minAB_obj,2559
30-13,20,0.3,orig_simpl_obj,2474
30-14,20,0.3,orig_minAB_obj,3196
30-14,20,0.3,orig_simpl_obj,3833
30-15,20,0.3,orig_minAB_obj,1657
30-15,20,0.3,orig_simpl_obj,1469
31-0,20,0.3,orig_minAB_obj,1747
31-0,20,0.3,orig_simpl_obj,1749
31-1,20,0.3,orig_minAB_obj,2889
31-1,20,0.3,orig_simpl_obj,3428
31-2,20,0.3,orig_minAB_obj,1041
31-2,20,0.3,orig_simpl_obj,1018
31-3,20,0.3,orig_minAB_obj,342
31-3,20,0.3,orig_simpl_obj,418
31-4,20,0.3,orig_minAB_obj,2109
31-4,20,0.3,orig_simpl_obj,1850
31-5,20,0.3,orig_minAB_obj,2175
31-5,20,0.3,orig_simpl_obj,2439
31-6,20,0.3,orig_minAB_obj,1122
31-6,20,0.3,orig_simpl_obj,1178
31-7,20,0.3,orig_minAB_obj,284
31-7,20,0.3,orig_simpl_obj,274
31-8,20,0.3,orig_minAB_obj,184
31-8,20,0.3,orig_simpl_obj,179
31-9,20,0.3,orig_minAB_obj,91
31-9,20,0.3,orig_simpl_obj,118
31-10,20,0.3,orig_minAB_obj,170
31-10,20,0.3,orig_simpl_obj,213
31-11,20,0.3,orig_minAB_obj,456
31-11,20,0.3,orig_simpl_obj,491
31-12,20,0.3,orig_minAB_obj,349
31-12,20,0.3,orig_simpl_obj,465
31-13,20,0.3,orig_minAB_obj,1503
31-13,20,0.3,orig_simpl_obj,2634
31-14,20,0.3,orig_minAB_obj,260
31-14,20,0.3,orig_simpl_obj,298
31-15,20,0.3,orig_minAB_obj,1973
31-15,20,0.3,orig_simpl_obj,2134
32-0,20,0.3,orig_minAB_obj,572
32-0,20,0.3,orig_simpl_obj,594
32-1,20,0.3,orig_minAB_obj,1166
32-1,20,0.3,orig_simpl_obj,1245
32-2,20,0.3,orig_minAB_obj,2882
32-2,20,0.3,orig_simpl_obj,2575
32-3,20,0.3,orig_minAB_obj,2710
32-3,20,0.3,orig_simpl_obj,2953
32-4,20,0.3,orig_minAB_obj,1780
32-4,20,0.3,orig_simpl_obj,2314
32-5,20,0.3,orig_minAB_obj,2482
32-5,20,0.3,orig_simpl_obj,2322
32-6,20,0.3,orig_minAB_obj,49
32-6,20,0.3,orig_simpl_obj,53
32-7,20,0.3,orig_minAB_obj,317
32-7,20,0.3,orig_simpl_obj,288
32-8,20,0.3,orig_minAB_obj,1977
32-8,20,0.3,orig_simpl_obj,2061
32-9,20,0.3,orig_minAB_obj,1436
32-9,20,0.3,orig_simpl_obj,1674
32-10,20,0.3,orig_minAB_obj,160
32-10,20,0.3,orig_simpl_obj,172
32-11,20,0.3,orig_minAB_obj,300
32-11,20,0.3,orig_simpl_obj,291
32-12,20,0.3,orig_minAB_obj,1791
32-12,20,0.3,orig_simpl_obj,2364
32-13,20,0.3,orig_minAB_obj,1540
32-13,20,0.3,orig_simpl_obj,1845
32-14,20,0.3,orig_minAB_obj,799
32-14,20,0.3,orig_simpl_obj,836
32-15,20,0.3,orig_minAB_obj,819
32-15,20,0.3,orig_simpl_obj,858
33-0,20,0.3,orig_minAB_obj,2197
33-0,20,0.3,orig_simpl_obj,1973
33-1,20,0.3,orig_minAB_obj,515
33-1,20,0.3,orig_simpl_obj,523
33-2,20,0.3,orig_minAB_obj,1095
33-2,20,0.3,orig_simpl_obj,1157
33-3,20,0.3,orig_minAB_obj,3203
33-3,20,0.3,orig_simpl_obj,3327
33-4,20,0.3,orig_minAB_obj,1611
33-4,20,0.3,orig_simpl_obj,2069
33-5,20,0.3,orig_minAB_obj,52
33-5,20,0.3,orig_simpl_obj,53
33-6,20,0.3,orig_minAB_obj,1016
33-6,20,0.3,orig_simpl_obj,922
33-7,20,0.3,orig_minAB_obj,565
33-7,20,0.3,orig_simpl_obj,557
33-8,20,0.3,orig_minAB_obj,1593
33-8,20,0.3,orig_simpl_obj,1514
33-9,20,0.3,orig_minAB_obj,1607
33-9,20,0.3,orig_simpl_obj,1759
33-10,20,0.3,orig_minAB_obj,469
33-10,20,0.3,orig_simpl_obj,513
33-11,20,0.3,orig_minAB_obj,1801
33-11,20,0.3,orig_simpl_obj,1681
33-12,20,0.3,orig_minAB_obj,1995
33-12,20,0.3,orig_simpl_obj,2046
33-13,20,0.3,orig_minAB_obj,311
33-13,20,0.3,orig_simpl_obj,308
33-14,20,0.3,orig_minAB_obj,1131
33-14,20,0.3,orig_simpl_obj,1005
33-15,20,0.3,orig_minAB_obj,760
33-15,20,0.3,orig_simpl_obj,891
34-0,20,0.3,orig_minAB_obj,1679
34-0,20,0.3,orig_simpl_obj,1855
34-1,20,0.3,orig_minAB_obj,1195
34-1,20,0.3,orig_simpl_obj,1581
34-2,20,0.3,orig_minAB_obj,1334
34-2,20,0.3,orig_simpl_obj,1352
34-3,20,0.3,orig_minAB_obj,133
34-3,20,0.3,orig_simpl_obj,131
34-4,20,0.3,orig_minAB_obj,39
34-4,20,0.3,orig_simpl_obj,39
34-5,20,0.3,orig_minAB_obj,1911
34-5,20,0.3,orig_simpl_obj,1951
34-6,20,0.3,orig_minAB_obj,1678
34-6,20,0.3,orig_simpl_obj,1612
34-7,20,0.3,orig_minAB_obj,1893
34-7,20,0.3,orig_simpl_obj,1620
34-8,20,0.3,orig_minAB_obj,152
34-8,20,0.3,orig_simpl_obj,149
34-9,20,0.3,orig_minAB_obj,1961
34-9,20,0.3,orig_simpl_obj,2096
34-10,20,0.3,orig_minAB_obj,2616
34-10,20,0.3,orig_simpl_obj,2617
34-11,20,0.3,orig_minAB_obj,1138
34-11,20,0.3,orig_simpl_obj,1345
34-12,20,0.3,orig_minAB_obj,2829
34-12,20,0.3,orig_simpl_obj,2554
34-13,20,0.3,orig_minAB_obj,405
34-13,20,0.3,orig_simpl_obj,434
34-14,20,0.3,orig_minAB_obj,1313
34-14,20,0.3,orig_simpl_obj,1492
34-15,20,0.3,orig_minAB_obj,768
34-15,20,0.3,orig_simpl_obj,957
35-0,20,0.3,orig_minAB_obj,1729
35-0,20,0.3,orig_simpl_obj,1934
35-1,20,0.3,orig_minAB_obj,1030
35-1,20,0.3,orig_simpl_obj,1311
35-2,20,0.3,orig_minAB_obj,2249
35-2,20,0.3,orig_simpl_obj,2161
35-3,20,0.3,orig_minAB_obj,1423
35-3,20,0.3,orig_simpl_obj,1033
35-4,20,0.3,orig_minAB_obj,365
35-4,20,0.3,orig_simpl_obj,411
35-5,20,0.3,orig_minAB_obj,2144
35-5,20,0.3,orig_simpl_obj,2428
35-6,20,0.3,orig_minAB_obj,1857
35-6,20,0.3,orig_simpl_obj,3113
35-7,20,0.3,orig_minAB_obj,1780
35-7,20,0.3,orig_simpl_obj,1762
35-8,20,0.3,orig_minAB_obj,950
35-8,20,0.3,orig_simpl_obj,1218
35-9,20,0.3,orig_minAB_obj,2755
35-9,20,0.3,orig_simpl_obj,3810
35-10,20,0.3,orig_minAB_obj,39
35-10,20,0.3,orig_simpl_obj,39
35-11,20,0.3,orig_minAB_obj,3889
35-11,20,0.3,orig_simpl_obj,3700
35-12,20,0.3,orig_minAB_obj,711
35-12,20,0.3,orig_simpl_obj,792
35-13,20,0.3,orig_minAB_obj,1752
35-13,20,0.3,orig_simpl_obj,1862
35-14,20,0.3,orig_minAB_obj,1760
35-14,20,0.3,orig_simpl_obj,1893
35-15,20,0.3,orig_minAB_obj,575
35-15,20,0.3,orig_simpl_obj,551
36-0,20,0.3,orig_minAB_obj,2403
36-0,20,0.3,orig_simpl_obj,2632
36-1,20,0.3,orig_minAB_obj,1482
36-1,20,0.3,orig_simpl_obj,1547
36-2,20,0.3,orig_minAB_obj,1615
36-2,20,0.3,orig_simpl_obj,1530
36-3,20,0.3,orig_minAB_obj,1155
36-3,20,0.3,orig_simpl_obj,1484
36-4,20,0.3,orig_minAB_obj,1200
36-4,20,0.3,orig_simpl_obj,1258
36-5,20,0.3,orig_minAB_obj,3651
36-5,20,0.3,orig_simpl_obj,3626
36-6,20,0.3,orig_minAB_obj,1259
36-6,20,0.3,orig_simpl_obj,1216
36-7,20,0.3,orig_minAB_obj,533
36-7,20,0.3,orig_simpl_obj,577
36-8,20,0.3,orig_minAB_obj,630
36-8,20,0.3,orig_simpl_obj,488
36-9,20,0.3,orig_minAB_obj,1640
36-9,20,0.3,orig_simpl_obj,1526
36-10,20,0.3,orig_minAB_obj,146
36-10,20,0.3,orig_simpl_obj,154
36-11,20,0.3,orig_minAB_obj,365
36-11,20,0.3,orig_simpl_obj,456
36-12,20,0.3,orig_minAB_obj,68
36-12,20,0.3,orig_simpl_obj,73
36-13,20,0.3,orig_minAB_obj,931
36-13,20,0.3,orig_simpl_obj,936
36-14,20,0.3,orig_minAB_obj,1771
36-14,20,0.3,orig_simpl_obj,1842
36-15,20,0.3,orig_minAB_obj,657
36-15,20,0.3,orig_simpl_obj,668
37-0,20,0.3,orig_minAB_obj,284
37-0,20,0.3,orig_simpl_obj,287
37-1,20,0.3,orig_minAB_obj,3412
37-1,20,0.3,orig_simpl_obj,3020
37-2,20,0.3,orig_minAB_obj,791
37-2,20,0.3,orig_simpl_obj,934
37-3,20,0.3,orig_minAB_obj,2559
37-3,20,0.3,orig_simpl_obj,2525
37-4,20,0.3,orig_minAB_obj,3191
37-4,20,0.3,orig_simpl_obj,4051
37-5,20,0.3,orig_minAB_obj,1472
37-5,20,0.3,orig_simpl_obj,1535
37-6,20,0.3,orig_minAB_obj,1154
37-6,20,0.3,orig_simpl_obj,1586
37-7,20,0.3,orig_minAB_obj,39
37-7,20,0.3,orig_simpl_obj,39
37-8,20,0.3,orig_minAB_obj,2333
37-8,20,0.3,orig_simpl_obj,1809
37-9,20,0.3,orig_minAB_obj,2581
37-9,20,0.3,orig_simpl_obj,2560
37-10,20,0.3,orig_minAB_obj,1133
37-10,20,0.3,orig_simpl_obj,897
37-11,20,0.3,orig_minAB_obj,673
37-11,20,0.3,orig_simpl_obj,571
37-12,20,0.3,orig_minAB_obj,277
37-12,20,0.3,orig_simpl_obj,344
37-13,20,0.3,orig_minAB_obj,999
37-13,20,0.3,orig_simpl_obj,1033
37-14,20,0.3,orig_minAB_obj,82
37-14,20,0.3,orig_simpl_obj,92
37-15,20,0.3,orig_minAB_obj,1861
37-15,20,0.3,orig_simpl_obj,1934
38-0,20,0.3,orig_minAB_obj,722
38-0,20,0.3,orig_simpl_obj,749
38-1,20,0.3,orig_minAB_obj,610
38-1,20,0.3,orig_simpl_obj,623
38-2,20,0.3,orig_minAB_obj,797
38-2,20,0.3,orig_simpl_obj,893
38-3,20,0.3,orig_minAB_obj,2068
38-3,20,0.3,orig_simpl_obj,1946
38-4,20,0.3,orig_minAB_obj,2535
38-4,20,0.3,orig_simpl_obj,2861
38-5,20,0.3,orig_minAB_obj,722
38-5,20,0.3,orig_simpl_obj,648
38-6,20,0.3,orig_minAB_obj,106
38-6,20,0.3,orig_simpl_obj,85
38-7,20,0.3,orig_minAB_obj,1965
38-7,20,0.3,orig_simpl_obj,1664
38-8,20,0.3,orig_minAB_obj,3137
38-8,20,0.3,orig_simpl_obj,4404
38-9,20,0.3,orig_minAB_obj,890
38-9,20,0.3,orig_simpl_obj,845
38-10,20,0.3,orig_minAB_obj,1030
38-10,20,0.3,orig_simpl_obj,1158
38-11,20,0.3,orig_minAB_obj,2220
38-11,20,0.3,orig_simpl_obj,2521
38-12,20,0.3,orig_minAB_obj,2397
38-12,20,0.3,orig_simpl_obj,2362
38-13,20,0.3,orig_minAB_obj,2347
38-13,20,0.3,orig_simpl_obj,2232
38-14,20,0.3,orig_minAB_obj,1110
38-14,20,0.3,orig_simpl_obj,1119
38-15,20,0.3,orig_minAB_obj,1253
38-15,20,0.3,orig_simpl_obj,1315
39-0,20,0.3,orig_minAB_obj,1945
39-0,20,0.3,orig_simpl_obj,1784
39-1,20,0.3,orig_minAB_obj,318
39-1,20,0.3,orig_simpl_obj,414
39-2,20,0.3,orig_minAB_obj,2787
39-2,20,0.3,orig_simpl_obj,3003
39-3,20,0.3,orig_minAB_obj,1568
39-3,20,0.3,orig_simpl_obj,1861
39-4,20,0.3,orig_minAB_obj,1889
39-4,20,0.3,orig_simpl_obj,2387
39-5,20,0.3,orig_minAB_obj,698
39-5,20,0.3,orig_simpl_obj,652
39-6,20,0.3,orig_minAB_obj,365
39-6,20,0.3,orig_simpl_obj,378
39-7,20,0.3,orig_minAB_obj,571
39-7,20,0.3,orig_simpl_obj,734
39-8,20,0.3,orig_minAB_obj,402
39-8,20,0.3,orig_simpl_obj,487
39-9,20,0.3,orig_minAB_obj,55
39-9,20,0.3,orig_simpl_obj,59
39-10,20,0.3,orig_minAB_obj,2642
39-10,20,0.3,orig_simpl_obj,2536
39-11,20,0.3,orig_minAB_obj,1347
39-11,20,0.3,orig_simpl_obj,1531
39-12,20,0.3,orig_minAB_obj,183
39-12,20,0.3,orig_simpl_obj,191
39-13,20,0.3,orig_minAB_obj,2673
39-13,20,0.3,orig_simpl_obj,2815
39-14,20,0.3,orig_minAB_obj,1011
39-14,20,0.3,orig_simpl_obj,947
39-15,20,0.3,orig_minAB_obj,4629
39-15,20,0.3,orig_simpl_obj,4611
4-0,20,0.3,orig_minAB_obj,1666
4-0,20,0.3,orig_simpl_obj,1783
4-1,20,0.3,orig_minAB_obj,622
4-1,20,0.3,orig_simpl_obj,857
4-2,20,0.3,orig_minAB_obj,2110
4-2,20,0.3,orig_simpl_obj,2450
4-3,20,0.3,orig_minAB_obj,254
4-3,20,0.3,orig_simpl_obj,237
4-4,20,0.3,orig_minAB_obj,1280
4-4,20,0.3,orig_simpl_obj,1462
4-5,20,0.3,orig_minAB_obj,830
4-5,20,0.3,orig_simpl_obj,1241
4-6,20,0.3,orig_minAB_obj,879
4-6,20,0.3,orig_simpl_obj,861
4-7,20,0.3,orig_minAB_obj,440
4-7,20,0.3,orig_simpl_obj,490
4-8,20,0.3,orig_minAB_obj,1467
4-8,20,0.3,orig_simpl_obj,1781
4-9,20,0.3,orig_minAB_obj,204
4-9,20,0.3,orig_simpl_obj,246
4-10,20,0.3,orig_minAB_obj,2167
4-10,20,0.3,orig_simpl_obj,2430
4-11,20,0.3,orig_minAB_obj,1980
4-11,20,0.3,orig_simpl_obj,1906
4-12,20,0.3,orig_minAB_obj,2341
4-12,20,0.3,orig_simpl_obj,2208
4-13,20,0.3,orig_minAB_obj,1009
4-13,20,0.3,orig_simpl_obj,1309
4-14,20,0.3,orig_minAB_obj,930
4-14,20,0.3,orig_simpl_obj,944
4-15,20,0.3,orig_minAB_obj,39
4-15,20,0.3,orig_simpl_obj,39
40-0,20,0.3,orig_minAB_obj,1498
40-0,20,0.3,orig_simpl_obj,2256
40-1,20,0.3,orig_minAB_obj,1488
40-1,20,0.3,orig_simpl_obj,1477
40-2,20,0.3,orig_minAB_obj,899
40-2,20,0.3,orig_simpl_obj,1020
40-3,20,0.3,orig_minAB_obj,3243
40-3,20,0.3,orig_simpl_obj,2962
40-4,20,0.3,orig_minAB_obj,2539
40-4,20,0.3,orig_simpl_obj,2835
40-5,20,0.3,orig_minAB_obj,2035
40-5,20,0.3,orig_simpl_obj,1827
40-6,20,0.3,orig_minAB_obj,1880
40-6,20,0.3,orig_simpl_obj,1993
40-7,20,0.3,orig_minAB_obj,2609
40-7,20,0.3,orig_simpl_obj,2659
40-8,20,0.3,orig_minAB_obj,1950
40-8,20,0.3,orig_simpl_obj,1839
40-9,20,0.3,orig_minAB_obj,1634
40-9,20,0.3,orig_simpl_obj,2312
40-10,20,0.3,orig_minAB_obj,651
40-10,20,0.3,orig_simpl_obj,746
40-11,20,0.3,orig_minAB_obj,3070
40-11,20,0.3,orig_simpl_obj,2811
40-12,20,0.3,orig_minAB_obj,2201
40-12,20,0.3,orig_simpl_obj,1921
40-13,20,0.3,orig_minAB_obj,762
40-13,20,0.3,orig_simpl_obj,570
40-14,20,0.3,orig_minAB_obj,1611
40-14,20,0.3,orig_simpl_obj,1918
40-15,20,0.3,orig_minAB_obj,1433
40-15,20,0.3,orig_simpl_obj,2318
41-0,20,0.3,orig_minAB_obj,1574
41-0,20,0.3,orig_simpl_obj,1643
41-1,20,0.3,orig_minAB_obj,2166
41-1,20,0.3,orig_simpl_obj,2553
41-2,20,0.3,orig_minAB_obj,679
41-2,20,0.3,orig_simpl_obj,861
41-3,20,0.3,orig_minAB_obj,1970
41-3,20,0.3,orig_simpl_obj,2185
41-4,20,0.3,orig_minAB_obj,2350
41-4,20,0.3,orig_simpl_obj,3296
41-5,20,0.3,orig_minAB_obj,654
41-5,20,0.3,orig_simpl_obj,715
41-6,20,0.3,orig_minAB_obj,119
41-6,20,0.3,orig_simpl_obj,116
41-7,20,0.3,orig_minAB_obj,1463
41-7,20,0.3,orig_simpl_obj,1562
41-8,20,0.3,orig_minAB_obj,854
41-8,20,0.3,orig_simpl_obj,1080
41-9,20,0.3,orig_minAB_obj,300
41-9,20,0.3,orig_simpl_obj,336
41-10,20,0.3,orig_minAB_obj,1397
41-10,20,0.3,orig_simpl_obj,1976
41-11,20,0.3,orig_minAB_obj,1788
41-11,20,0.3,orig_simpl_obj,2093
41-12,20,0.3,orig_minAB_obj,244
41-12,20,0.3,orig_simpl_obj,246
41-13,20,0.3,orig_minAB_obj,1879
41-13,20,0.3,orig_simpl_obj,2218
41-14,20,0.3,orig_minAB_obj,222
41-14,20,0.3,orig_simpl_obj,234
41-15,20,0.3,orig_minAB_obj,335
41-15,20,0.3,orig_simpl_obj,375
42-0,20,0.3,orig_minAB_obj,1853
42-0,20,0.3,orig_simpl_obj,2358
42-1,20,0.3,orig_minAB_obj,2052
42-1,20,0.3,orig_simpl_obj,2097
42-2,20,0.3,orig_minAB_obj,2242
42-2,20,0.3,orig_simpl_obj,2635
42-3,20,0.3,orig_minAB_obj,266
42-3,20,0.3,orig_simpl_obj,277
42-4,20,0.3,orig_minAB_obj,1000
42-4,20,0.3,orig_simpl_obj,1329
42-5,20,0.3,orig_minAB_obj,804
42-5,20,0.3,orig_simpl_obj,799
42-6,20,0.3,orig_minAB_obj,1986
42-6,20,0.3,orig_simpl_obj,2029
42-7,20,0.3,orig_minAB_obj,829
42-7,20,0.3,orig_simpl_obj,1026
42-8,20,0.3,orig_minAB_obj,2281
42-8,20,0.3,orig_simpl_obj,3248
42-9,20,0.3,orig_minAB_obj,898
42-9,20,0.3,orig_simpl_obj,1122
42-10,20,0.3,orig_minAB_obj,1173
42-10,20,0.3,orig_simpl_obj,1431
42-11,20,0.3,orig_minAB_obj,2790
42-11,20,0.3,orig_simpl_obj,3263
42-12,20,0.3,orig_minAB_obj,1192
42-12,20,0.3,orig_simpl_obj,1304
42-13,20,0.3,orig_minAB_obj,1905
42-13,20,0.3,orig_simpl_obj,2343
42-14,20,0.3,orig_minAB_obj,2224
42-14,20,0.3,orig_simpl_obj,2473
42-15,20,0.3,orig_minAB_obj,423
42-15,20,0.3,orig_simpl_obj,444
43-0,20,0.3,orig_minAB_obj,1792
43-0,20,0.3,orig_simpl_obj,1899
43-1,20,0.3,orig_minAB_obj,58
43-1,20,0.3,orig_simpl_obj,55
43-2,20,0.3,orig_minAB_obj,785
43-2,20,0.3,orig_simpl_obj,892
43-3,20,0.3,orig_minAB_obj,2497
43-3,20,0.3,orig_simpl_obj,2951
43-4,20,0.3,orig_minAB_obj,1789
43-4,20,0.3,orig_simpl_obj,2220
43-5,20,0.3,orig_minAB_obj,1562
43-5,20,0.3,orig_simpl_obj,1659
43-6,20,0.3,orig_minAB_obj,1539
43-6,20,0.3,orig_simpl_obj,1397
43-7,20,0.3,orig_minAB_obj,353
43-7,20,0.3,orig_simpl_obj,418
43-8,20,0.3,orig_minAB_obj,901
43-8,20,0.3,orig_simpl_obj,760
43-9,20,0.3,orig_minAB_obj,209
43-9,20,0.3,orig_simpl_obj,207
43-10,20,0.3,orig_minAB_obj,3145
43-10,20,0.3,orig_simpl_obj,4035
43-11,20,0.3,orig_minAB_obj,1813
43-11,20,0.3,orig_simpl_obj,1725
43-12,20,0.3,orig_minAB_obj,1406
43-12,20,0.3,orig_simpl_obj,1560
43-13,20,0.3,orig_minAB_obj,637
43-13,20,0.3,orig_simpl_obj,715
43-14,20,0.3,orig_minAB_obj,1997
43-14,20,0.3,orig_simpl_obj,2691
43-15,20,0.3,orig_minAB_obj,560
43-15,20,0.3,orig_simpl_obj,567
44-0,20,0.3,orig_minAB_obj,1892
44-0,20,0.3,orig_simpl_obj,1361
44-1,20,0.3,orig_minAB_obj,2535
44-1,20,0.3,orig_simpl_obj,2961
44-2,20,0.3,orig_minAB_obj,799
44-2,20,0.3,orig_simpl_obj,927
44-3,20,0.3,orig_minAB_obj,545
44-3,20,0.3,orig_simpl_obj,595
44-4,20,0.3,orig_minAB_obj,1535
44-4,20,0.3,orig_simpl_obj,1104
44-5,20,0.3,orig_minAB_obj,1893
44-5,20,0.3,orig_simpl_obj,1777
44-6,20,0.3,orig_minAB_obj,212
44-6,20,0.3,orig_simpl_obj,205
44-7,20,0.3,orig_minAB_obj,554
44-7,20,0.3,orig_simpl_obj,610
44-8,20,0.3,orig_minAB_obj,1129
44-8,20,0.3,orig_simpl_obj,1385
44-9,20,0.3,orig_minAB_obj,842
44-9,20,0.3,orig_simpl_obj,724
44-10,20,0.3,orig_minAB_obj,1740
44-10,20,0.3,orig_simpl_obj,2338
44-11,20,0.3,orig_minAB_obj,1542
44-11,20,0.3,orig_simpl_obj,2217
44-12,20,0.3,orig_minAB_obj,2368
44-12,20,0.3,orig_simpl_obj,1917
44-13,20,0.3,orig_minAB_obj,2626
44-13,20,0.3,orig_simpl_obj,2506
44-14,20,0.3,orig_minAB_obj,1795
44-14,20,0.3,orig_simpl_obj,2588
44-15,20,0.3,orig_minAB_obj,68
44-15,20,0.3,orig_simpl_obj,81
45-0,20,0.3,orig_minAB_obj,938
45-0,20,0.3,orig_simpl_obj,984
45-1,20,0.3,orig_minAB_obj,323
45-1,20,0.3,orig_simpl_obj,319
45-2,20,0.3,orig_minAB_obj,640
45-2,20,0.3,orig_simpl_obj,793
45-3,20,0.3,orig_minAB_obj,1982
45-3,20,0.3,orig_simpl_obj,2194
45-4,20,0.3,orig_minAB_obj,481
45-4,20,0.3,orig_simpl_obj,650
45-5,20,0.3,orig_minAB_obj,2804
45-5,20,0.3,orig_simpl_obj,2757
45-6,20,0.3,orig_minAB_obj,41
45-6,20,0.3,orig_simpl_obj,51
45-7,20,0.3,orig_minAB_obj,1918
45-7,20,0.3,orig_simpl_obj,2102
45-8,20,0.3,orig_minAB_obj,825
45-8,20,0.3,orig_simpl_obj,1571
45-9,20,0.3,orig_minAB_obj,824
45-9,20,0.3,orig_simpl_obj,984
45-10,20,0.3,orig_minAB_obj,1086
45-10,20,0.3,orig_simpl_obj,1007
45-11,20,0.3,orig_minAB_obj,1271
45-11,20,0.3,orig_simpl_obj,1375
45-12,20,0.3,orig_minAB_obj,833
45-12,20,0.3,orig_simpl_obj,1003
45-13,20,0.3,orig_minAB_obj,2017
45-13,20,0.3,orig_simpl_obj,1628
45-14,20,0.3,orig_minAB_obj,1368
45-14,20,0.3,orig_simpl_obj,1333
45-15,20,0.3,orig_minAB_obj,483
45-15,20,0.3,orig_simpl_obj,571
46-0,20,0.3,orig_minAB_obj,2499
46-0,20,0.3,orig_simpl_obj,2872
46-1,20,0.3,orig_minAB_obj,1028
46-1,20,0.3,orig_simpl_obj,1070
46-2,20,0.3,orig_minAB_obj,2335
46-2,20,0.3,orig_simpl_obj,2465
46-3,20,0.3,orig_minAB_obj,128
46-3,20,0.3,orig_simpl_obj,122
46-4,20,0.3,orig_minAB_obj,87
46-4,20,0.3,orig_simpl_obj,99
46-5,20,0.3,orig_minAB_obj,1069
46-5,20,0.3,orig_simpl_obj,1090
46-6,20,0.3,orig_minAB_obj,3664
46-6,20,0.3,orig_simpl_obj,3680
46-7,20,0.3,orig_minAB_obj,1212
46-7,20,0.3,orig_simpl_obj,1218
46-8,20,0.3,orig_minAB_obj,1625
46-8,20,0.3,orig_simpl_obj,1537
46-9,20,0.3,orig_minAB_obj,1743
46-9,20,0.3,orig_simpl_obj,1608
46-10,20,0.3,orig_minAB_obj,797
46-10,20,0.3,orig_simpl_obj,830
46-11,20,0.3,orig_minAB_obj,2971
46-11,20,0.3,orig_simpl_obj,3685
46-12,20,0.3,orig_minAB_obj,1256
46-12,20,0.3,orig_simpl_obj,1498
46-13,20,0.3,orig_minAB_obj,265
46-13,20,0.3,orig_simpl_obj,390
46-14,20,0.3,orig_minAB_obj,1110
46-14,20,0.3,orig_simpl_obj,1230
46-15,20,0.3,orig_minAB_obj,278
46-15,20,0.3,orig_simpl_obj,307
47-0,20,0.3,orig_minAB_obj,1951
47-0,20,0.3,orig_simpl_obj,1553
47-1,20,0.3,orig_minAB_obj,308
47-1,20,0.3,orig_simpl_obj,425
47-2,20,0.3,orig_minAB_obj,965
47-2,20,0.3,orig_simpl_obj,961
47-3,20,0.3,orig_minAB_obj,2770
47-3,20,0.3,orig_simpl_obj,2520
47-4,20,0.3,orig_minAB_obj,59
47-4,20,0.3,orig_simpl_obj,69
47-5,20,0.3,orig_minAB_obj,1250
47-5,20,0.3,orig_simpl_obj,1284
47-6,20,0.3,orig_minAB_obj,994
47-6,20,0.3,orig_simpl_obj,934
47-7,20,0.3,orig_minAB_obj,2740
47-7,20,0.3,orig_simpl_obj,3247
47-8,20,0.3,orig_minAB_obj,740
47-8,20,0.3,orig_simpl_obj,862
47-9,20,0.3,orig_minAB_obj,446
47-9,20,0.3,orig_simpl_obj,411
47-10,20,0.3,orig_minAB_obj,1282
47-10,20,0.3,orig_simpl_obj,1391
47-11,20,0.3,orig_minAB_obj,103
47-11,20,0.3,orig_simpl_obj,117
47-12,20,0.3,orig_minAB_obj,207
47-12,20,0.3,orig_simpl_obj,202
47-13,20,0.3,orig_minAB_obj,2412
47-13,20,0.3,orig_simpl_obj,3273
47-14,20,0.3,orig_minAB_obj,204
47-14,20,0.3,orig_simpl_obj,204
47-15,20,0.3,orig_minAB_obj,150
47-15,20,0.3,orig_simpl_obj,159
48-0,20,0.3,orig_minAB_obj,1648
48-0,20,0.3,orig_simpl_obj,1644
48-1,20,0.3,orig_minAB_obj,2676
48-1,20,0.3,orig_simpl_obj,2559
48-2,20,0.3,orig_minAB_obj,2743
48-2,20,0.3,orig_simpl_obj,3005
48-3,20,0.3,orig_minAB_obj,2511
48-3,20,0.3,orig_simpl_obj,4343
48-4,20,0.3,orig_minAB_obj,2262
48-4,20,0.3,orig_simpl_obj,2236
48-5,20,0.3,orig_minAB_obj,108
48-5,20,0.3,orig_simpl_obj,91
48-6,20,0.3,orig_minAB_obj,115
48-6,20,0.3,orig_simpl_obj,125
48-7,20,0.3,orig_minAB_obj,1482
48-7,20,0.3,orig_simpl_obj,1426
48-8,20,0.3,orig_minAB_obj,2537
48-8,20,0.3,orig_simpl_obj,3414
48-9,20,0.3,orig_minAB_obj,546
48-9,20,0.3,orig_simpl_obj,725
48-10,20,0.3,orig_minAB_obj,1007
48-10,20,0.3,orig_simpl_obj,1468
48-11,20,0.3,orig_minAB_obj,269
48-11,20,0.3,orig_simpl_obj,278
48-12,20,0.3,orig_minAB_obj,637
48-12,20,0.3,orig_simpl_obj,849
48-13,20,0.3,orig_minAB_obj,513
48-13,20,0.3,orig_simpl_obj,518
48-14,20,0.3,orig_minAB_obj,134
48-14,20,0.3,orig_simpl_obj,174
48-15,20,0.3,orig_minAB_obj,81
48-15,20,0.3,orig_simpl_obj,98
49-0,20,0.3,orig_minAB_obj,1525
49-0,20,0.3,orig_simpl_obj,2415
49-1,20,0.3,orig_minAB_obj,3139
49-1,20,0.3,orig_simpl_obj,3621
49-2,20,0.3,orig_minAB_obj,2168
49-2,20,0.3,orig_simpl_obj,1869
49-3,20,0.3,orig_minAB_obj,2791
49-3,20,0.3,orig_simpl_obj,3412
49-4,20,0.3,orig_minAB_obj,970
49-4,20,0.3,orig_simpl_obj,1050
49-5,20,0.3,orig_minAB_obj,576
49-5,20,0.3,orig_simpl_obj,784
49-6,20,0.3,orig_minAB_obj,1853
49-6,20,0.3,orig_simpl_obj,2323
49-7,20,0.3,orig_minAB_obj,444
49-7,20,0.3,orig_simpl_obj,462
49-8,20,0.3,orig_minAB_obj,1425
49-8,20,0.3,orig_simpl_obj,1739
49-9,20,0.3,orig_minAB_obj,989
49-9,20,0.3,orig_simpl_obj,999
49-10,20,0.3,orig_minAB_obj,39
49-10,20,0.3,orig_simpl_obj,39
49-11,20,0.3,orig_minAB_obj,946
49-11,20,0.3,orig_simpl_obj,1140
49-12,20,0.3,orig_minAB_obj,316
49-12,20,0.3,orig_simpl_obj,395
49-13,20,0.3,orig_minAB_obj,461
49-13,20,0.3,orig_simpl_obj,664
49-14,20,0.3,orig_minAB_obj,464
49-14,20,0.3,orig_simpl_obj,505
49-15,20,0.3,orig_minAB_obj,476
49-15,20,0.3,orig_simpl_obj,528
5-0,20,0.3,orig_minAB_obj,1681
5-0,20,0.3,orig_simpl_obj,1687
5-1,20,0.3,orig_minAB_obj,846
5-1,20,0.3,orig_simpl_obj,836
5-2,20,0.3,orig_minAB_obj,879
5-2,20,0.3,orig_simpl_obj,978
5-3,20,0.3,orig_minAB_obj,497
5-3,20,0.3,orig_simpl_obj,494
5-4,20,0.3,orig_minAB_obj,1428
5-4,20,0.3,orig_simpl_obj,1428
5-5,20,0.3,orig_minAB_obj,1646
5-5,20,0.3,orig_simpl_obj,1905
5-6,20,0.3,orig_minAB_obj,2590
5-6,20,0.3,orig_simpl_obj,2745
5-7,20,0.3,orig_minAB_obj,937
5-7,20,0.3,orig_simpl_obj,1147
5-8,20,0.3,orig_minAB_obj,1451
5-8,20,0.3,orig_simpl_obj,1600
5-9,20,0.3,orig_minAB_obj,39
5-9,20,0.3,orig_simpl_obj,39
5-10,20,0.3,orig_minAB_obj,1247
5-10,20,0.3,orig_simpl_obj,1025
5-11,20,0.3,orig_minAB_obj,1283
5-11,20,0.3,orig_simpl_obj,1418
5-12,20,0.3,orig_minAB_obj,312
5-12,20,0.3,orig_simpl_obj,412
5-13,20,0.3,orig_minAB_obj,537
5-13,20,0.3,orig_simpl_obj,521
5-14,20,0.3,orig_minAB_obj,1810
5-14,20,0.3,orig_simpl_obj,2054
5-15,20,0.3,orig_minAB_obj,1250
5-15,20,0.3,orig_simpl_obj,1349
50-0,20,0.3,orig_minAB_obj,791
50-0,20,0.3,orig_simpl_obj,966
50-1,20,0.3,orig_minAB_obj,708
50-1,20,0.3,orig_simpl_obj,741
50-2,20,0.3,orig_minAB_obj,54
50-2,20,0.3,orig_simpl_obj,58
50-3,20,0.3,orig_minAB_obj,876
50-3,20,0.3,orig_simpl_obj,877
50-4,20,0.3,orig_minAB_obj,2194
50-4,20,0.3,orig_simpl_obj,2063
50-5,20,0.3,orig_minAB_obj,838
50-5,20,0.3,orig_simpl_obj,1243
50-6,20,0.3,orig_minAB_obj,798
50-6,20,0.3,orig_simpl_obj,780
50-7,20,0.3,orig_minAB_obj,1307
50-7,20,0.3,orig_simpl_obj,1206
50-8,20,0.3,orig_minAB_obj,1757
50-8,20,0.3,orig_simpl_obj,1855
50-9,20,0.3,orig_minAB_obj,642
50-9,20,0.3,orig_simpl_obj,753
50-10,20,0.3,orig_minAB_obj,2199
50-10,20,0.3,orig_simpl_obj,2651
50-11,20,0.3,orig_minAB_obj,3899
50-11,20,0.3,orig_simpl_obj,3239
50-12,20,0.3,orig_minAB_obj,957
50-12,20,0.3,orig_simpl_obj,1039
50-13,20,0.3,orig_minAB_obj,1573
50-13,20,0.3,orig_simpl_obj,1176
50-14,20,0.3,orig_minAB_obj,866
50-14,20,0.3,orig_simpl_obj,1004
50-15,20,0.3,orig_minAB_obj,2887
50-15,20,0.3,orig_simpl_obj,2639
51-0,20,0.3,orig_minAB_obj,508
51-0,20,0.3,orig_simpl_obj,657
51-1,20,0.3,orig_minAB_obj,1024
51-1,20,0.3,orig_simpl_obj,1126
51-2,20,0.3,orig_minAB_obj,2033
51-2,20,0.3,orig_simpl_obj,1878
51-3,20,0.3,orig_minAB_obj,175
51-3,20,0.3,orig_simpl_obj,191
51-4,20,0.3,orig_minAB_obj,88
51-4,20,0.3,orig_simpl_obj,105
51-5,20,0.3,orig_minAB_obj,706
51-5,20,0.3,orig_simpl_obj,906
51-6,20,0.3,orig_minAB_obj,1811
51-6,20,0.3,orig_simpl_obj,1951
51-7,20,0.3,orig_minAB_obj,876
51-7,20,0.3,orig_simpl_obj,952
51-8,20,0.3,orig_minAB_obj,793
51-8,20,0.3,orig_simpl_obj,993
51-9,20,0.3,orig_minAB_obj,61
51-9,20,0.3,orig_simpl_obj,63
51-10,20,0.3,orig_minAB_obj,149
51-10,20,0.3,orig_simpl_obj,161
51-11,20,0.3,orig_minAB_obj,1491
51-11,20,0.3,orig_simpl_obj,1586
51-12,20,0.3,orig_minAB_obj,1814
51-12,20,0.3,orig_simpl_obj,1991
51-13,20,0.3,orig_minAB_obj,311
51-13,20,0.3,orig_simpl_obj,277
51-14,20,0.3,orig_minAB_obj,930
51-14,20,0.3,orig_simpl_obj,763
51-15,20,0.3,orig_minAB_obj,886
51-15,20,0.3,orig_simpl_obj,1131
52-0,20,0.3,orig_minAB_obj,112
52-0,20,0.3,orig_simpl_obj,140
52-1,20,0.3,orig_minAB_obj,1219
52-1,20,0.3,orig_simpl_obj,1231
52-2,20,0.3,orig_minAB_obj,2755
52-2,20,0.3,orig_simpl_obj,2528
52-3,20,0.3,orig_minAB_obj,1682
52-3,20,0.3,orig_simpl_obj,1879
52-4,20,0.3,orig_minAB_obj,1450
52-4,20,0.3,orig_simpl_obj,1626
52-5,20,0.3,orig_minAB_obj,724
52-5,20,0.3,orig_simpl_obj,734
52-6,20,0.3,orig_minAB_obj,3733
52-6,20,0.3,orig_simpl_obj,4237
52-7,20,0.3,orig_minAB_obj,2620
52-7,20,0.3,orig_simpl_obj,2828
52-8,20,0.3,orig_minAB_obj,131
52-8,20,0.3,orig_simpl_obj,149
52-9,20,0.3,orig_minAB_obj,1743
52-9,20,0.3,orig_simpl_obj,1650
52-10,20,0.3,orig_minAB_obj,2299
52-10,20,0.3,orig_simpl_obj,3360
52-11,20,0.3,orig_minAB_obj,840
52-11,20,0.3,orig_simpl_obj,874
52-12,20,0.3,orig_minAB_obj,2146
52-12,20,0.3,orig_simpl_obj,2127
52-13,20,0.3,orig_minAB_obj,428
52-13,20,0.3,orig_simpl_obj,464
52-14,20,0.3,orig_minAB_obj,758
52-14,20,0.3,orig_simpl_obj,973
52-15,20,0.3,orig_minAB_obj,99
52-15,20,0.3,orig_simpl_obj,145
53-0,20,0.3,orig_minAB_obj,2955
53-0,20,0.3,orig_simpl_obj,3092
53-1,20,0.3,orig_minAB_obj,1751
53-1,20,0.3,orig_simpl_obj,1738
53-2,20,0.3,orig_minAB_obj,1339
53-2,20,0.3,orig_simpl_obj,1445
53-3,20,0.3,orig_minAB_obj,2932
53-3,20,0.3,orig_simpl_obj,3705
53-4,20,0.3,orig_minAB_obj,1156
53-4,20,0.3,orig_simpl_obj,1027
53-5,20,0.3,orig_minAB_obj,1714
53-5,20,0.3,orig_simpl_obj,1728
53-6,20,0.3,orig_minAB_obj,2635
53-6,20,0.3,orig_simpl_obj,3178
53-7,20,0.3,orig_minAB_obj,1019
53-7,20,0.3,orig_simpl_obj,1014
53-8,20,0.3,orig_minAB_obj,1749
53-8,20,0.3,orig_simpl_obj,2779
53-9,20,0.3,orig_minAB_obj,2217
53-9,20,0.3,orig_simpl_obj,1949
53-10,20,0.3,orig_minAB_obj,1011
53-10,20,0.3,orig_simpl_obj,1159
53-11,20,0.3,orig_minAB_obj,698
53-11,20,0.3,orig_simpl_obj,590
53-12,20,0.3,orig_minAB_obj,1485
53-12,20,0.3,orig_simpl_obj,1740
53-13,20,0.3,orig_minAB_obj,54
53-13,20,0.3,orig_simpl_obj,63
53-14,20,0.3,orig_minAB_obj,3439
53-14,20,0.3,orig_simpl_obj,2955
53-15,20,0.3,orig_minAB_obj,1817
53-15,20,0.3,orig_simpl_obj,1993
54-0,20,0.3,orig_minAB_obj,40
54-0,20,0.3,orig_simpl_obj,42
54-1,20,0.3,orig_minAB_obj,1554
54-1,20,0.3,orig_simpl_obj,1339
54-2,20,0.3,orig_minAB_obj,39
54-2,20,0.3,orig_simpl_obj,39
54-3,20,0.3,orig_minAB_obj,628
54-3,20,0.3,orig_simpl_obj,617
54-4,20,0.3,orig_minAB_obj,407
54-4,20,0.3,orig_simpl_obj,632
54-5,20,0.3,orig_minAB_obj,963
54-5,20,0.3,orig_simpl_obj,1133
54-6,20,0.3,orig_minAB_obj,987
54-6,20,0.3,orig_simpl_obj,896
54-7,20,0.3,orig_minAB_obj,273
54-7,20,0.3,orig_simpl_obj,263
54-8,20,0.3,orig_minAB_obj,1054
54-8,20,0.3,orig_simpl_obj,1171
54-9,20,0.3,orig_minAB_obj,1129
54-9,20,0.3,orig_simpl_obj,1251
54-10,20,0.3,orig_minAB_obj,1357
54-10,20,0.3,orig_simpl_obj,1403
54-11,20,0.3,orig_minAB_obj,1325
54-11,20,0.3,orig_simpl_obj,1494
54-12,20,0.3,orig_minAB_obj,958
54-12,20,0.3,orig_simpl_obj,1205
54-13,20,0.3,orig_minAB_obj,157
54-13,20,0.3,orig_simpl_obj,160
54-14,20,0.3,orig_minAB_obj,2467
54-14,20,0.3,orig_simpl_obj,2710
54-15,20,0.3,orig_minAB_obj,1904
54-15,20,0.3,orig_simpl_obj,1983
55-0,20,0.3,orig_minAB_obj,528
55-0,20,0.3,orig_simpl_obj,475
55-1,20,0.3,orig_minAB_obj,1725
55-1,20,0.3,orig_simpl_obj,1957
55-2,20,0.3,orig_minAB_obj,2455
55-2,20,0.3,orig_simpl_obj,2474
55-3,20,0.3,orig_minAB_obj,403
55-3,20,0.3,orig_simpl_obj,395
55-4,20,0.3,orig_minAB_obj,2529
55-4,20,0.3,orig_simpl_obj,2554
55-5,20,0.3,orig_minAB_obj,661
55-5,20,0.3,orig_simpl_obj,752
55-6,20,0.3,orig_minAB_obj,1328
55-6,20,0.3,orig_simpl_obj,1428
55-7,20,0.3,orig_minAB_obj,53
55-7,20,0.3,orig_simpl_obj,71
55-8,20,0.3,orig_minAB_obj,179
55-8,20,0.3,orig_simpl_obj,188
55-9,20,0.3,orig_minAB_obj,1669
55-9,20,0.3,orig_simpl_obj,1687
55-10,20,0.3,orig_minAB_obj,1866
55-10,20,0.3,orig_simpl_obj,2443
55-11,20,0.3,orig_minAB_obj,1195
55-11,20,0.3,orig_simpl_obj,1336
55-12,20,0.3,orig_minAB_obj,191
55-12,20,0.3,orig_simpl_obj,206
55-13,20,0.3,orig_minAB_obj,217
55-13,20,0.3,orig_simpl_obj,213
55-14,20,0.3,orig_minAB_obj,1572
55-14,20,0.3,orig_simpl_obj,1698
55-15,20,0.3,orig_minAB_obj,2015
55-15,20,0.3,orig_simpl_obj,2247
56-0,20,0.3,orig_minAB_obj,1888
56-0,20,0.3,orig_simpl_obj,1812
56-1,20,0.3,orig_minAB_obj,623
56-1,20,0.3,orig_simpl_obj,1118
56-2,20,0.3,orig_minAB_obj,1157
56-2,20,0.3,orig_simpl_obj,1252
56-3,20,0.3,orig_minAB_obj,683
56-3,20,0.3,orig_simpl_obj,989
56-4,20,0.3,orig_minAB_obj,2059
56-4,20,0.3,orig_simpl_obj,2421
56-5,20,0.3,orig_minAB_obj,84
56-5,20,0.3,orig_simpl_obj,89
56-6,20,0.3,orig_minAB_obj,2229
56-6,20,0.3,orig_simpl_obj,2135
56-7,20,0.3,orig_minAB_obj,1304
56-7,20,0.3,orig_simpl_obj,1827
56-8,20,0.3,orig_minAB_obj,2436
56-8,20,0.3,orig_simpl_obj,2370
56-9,20,0.3,orig_minAB_obj,2558
56-9,20,0.3,orig_simpl_obj,1565
56-10,20,0.3,orig_minAB_obj,549
56-10,20,0.3,orig_simpl_obj,627
56-11,20,0.3,orig_minAB_obj,80
56-11,20,0.3,orig_simpl_obj,87
56-12,20,0.3,orig_minAB_obj,1593
56-12,20,0.3,orig_simpl_obj,1673
56-13,20,0.3,orig_minAB_obj,48
56-13,20,0.3,orig_simpl_obj,47
56-14,20,0.3,orig_minAB_obj,1581
56-14,20,0.3,orig_simpl_obj,1543
56-15,20,0.3,orig_minAB_obj,1824
56-15,20,0.3,orig_simpl_obj,2141
57-0,20,0.3,orig_minAB_obj,1487
57-0,20,0.3,orig_simpl_obj,2340
57-1,20,0.3,orig_minAB_obj,365
57-1,20,0.3,orig_simpl_obj,390
57-2,20,0.3,orig_minAB_obj,2506
57-2,20,0.3,orig_simpl_obj,2154
57-3,20,0.3,orig_minAB_obj,2576
57-3,20,0.3,orig_simpl_obj,2595
57-4,20,0.3,orig_minAB_obj,1797
57-4,20,0.3,orig_simpl_obj,1666
57-5,20,0.3,orig_minAB_obj,2185
57-5,20,0.3,orig_simpl_obj,2805
57-6,20,0.3,orig_minAB_obj,1439
57-6,20,0.3,orig_simpl_obj,1321
57-7,20,0.3,orig_minAB_obj,1645
57-7,20,0.3,orig_simpl_obj,1964
57-8,20,0.3,orig_minAB_obj,72
57-8,20,0.3,orig_simpl_obj,86
57-9,20,0.3,orig_minAB_obj,1600
57-9,20,0.3,orig_simpl_obj,1597
57-10,20,0.3,orig_minAB_obj,49
57-10,20,0.3,orig_simpl_obj,48
57-11,20,0.3,orig_minAB_obj,3756
57-11,20,0.3,orig_simpl_obj,4485
57-12,20,0.3,orig_minAB_obj,78
57-12,20,0.3,orig_simpl_obj,83
57-13,20,0.3,orig_minAB_obj,1016
57-13,20,0.3,orig_simpl_obj,806
57-14,20,0.3,orig_minAB_obj,439
57-14,20,0.3,orig_simpl_obj,474
57-15,20,0.3,orig_minAB_obj,1752
57-15,20,0.3,orig_simpl_obj,1999
58-0,20,0.3,orig_minAB_obj,1926
58-0,20,0.3,orig_simpl_obj,1705
58-1,20,0.3,orig_minAB_obj,2560
58-1,20,0.3,orig_simpl_obj,2612
58-2,20,0.3,orig_minAB_obj,2395
58-2,20,0.3,orig_simpl_obj,2785
58-3,20,0.3,orig_minAB_obj,1001
58-3,20,0.3,orig_simpl_obj,1182
58-4,20,0.3,orig_minAB_obj,1708
58-4,20,0.3,orig_simpl_obj,1648
58-5,20,0.3,orig_minAB_obj,1308
58-5,20,0.3,orig_simpl_obj,1388
58-6,20,0.3,orig_minAB_obj,43
58-6,20,0.3,orig_simpl_obj,41
58-7,20,0.3,orig_minAB_obj,1828
58-7,20,0.3,orig_simpl_obj,1488
58-8,20,0.3,orig_minAB_obj,2491
58-8,20,0.3,orig_simpl_obj,2376
58-9,20,0.3,orig_minAB_obj,2223
58-9,20,0.3,orig_simpl_obj,2052
58-10,20,0.3,orig_minAB_obj,3756
58-10,20,0.3,orig_simpl_obj,4238
58-11,20,0.3,orig_minAB_obj,1665
58-11,20,0.3,orig_simpl_obj,2095
58-12,20,0.3,orig_minAB_obj,1137
58-12,20,0.3,orig_simpl_obj,1385
58-13,20,0.3,orig_minAB_obj,1218
58-13,20,0.3,orig_simpl_obj,1486
58-14,20,0.3,orig_minAB_obj,1629
58-14,20,0.3,orig_simpl_obj,1964
58-15,20,0.3,orig_minAB_obj,302
58-15,20,0.3,orig_simpl_obj,284
59-0,20,0.3,orig_minAB_obj,1590
59-0,20,0.3,orig_simpl_obj,1466
59-1,20,0.3,orig_minAB_obj,3466
59-1,20,0.3,orig_simpl_obj,3262
59-2,20,0.3,orig_minAB_obj,515
59-2,20,0.3,orig_simpl_obj,559
59-3,20,0.3,orig_minAB_obj,2544
59-3,20,0.3,orig_simpl_obj,2558
59-4,20,0.3,orig_minAB_obj,1637
59-4,20,0.3,orig_simpl_obj,1806
59-5,20,0.3,orig_minAB_obj,1719
59-5,20,0.3,orig_simpl_obj,1997
59-6,20,0.3,orig_minAB_obj,1571
59-6,20,0.3,orig_simpl_obj,2130
59-7,20,0.3,orig_minAB_obj,48
59-7,20,0.3,orig_simpl_obj,43
59-8,20,0.3,orig_minAB_obj,388
59-8,20,0.3,orig_simpl_obj,388
59-9,20,0.3,orig_minAB_obj,1778
59-9,20,0.3,orig_simpl_obj,1569
59-10,20,0.3,orig_minAB_obj,2351
59-10,20,0.3,orig_simpl_obj,2204
59-11,20,0.3,orig_minAB_obj,2738
59-11,20,0.3,orig_simpl_obj,3019
59-12,20,0.3,orig_minAB_obj,1413
59-12,20,0.3,orig_simpl_obj,1243
59-13,20,0.3,orig_minAB_obj,2566
59-13,20,0.3,orig_simpl_obj,2379
59-14,20,0.3,orig_minAB_obj,1054
59-14,20,0.3,orig_simpl_obj,1067
59-15,20,0.3,orig_minAB_obj,501
59-15,20,0.3,orig_simpl_obj,407
6-0,20,0.3,orig_minAB_obj,379
6-0,20,0.3,orig_simpl_obj,394
6-1,20,0.3,orig_minAB_obj,107
6-1,20,0.3,orig_simpl_obj,112
6-2,20,0.3,orig_minAB_obj,1454
6-2,20,0.3,orig_simpl_obj,1706
6-3,20,0.3,orig_minAB_obj,1260
6-3,20,0.3,orig_simpl_obj,1462
6-4,20,0.3,orig_minAB_obj,39
6-4,20,0.3,orig_simpl_obj,39
6-5,20,0.3,orig_minAB_obj,662
6-5,20,0.3,orig_simpl_obj,675
6-6,20,0.3,orig_minAB_obj,3439
6-6,20,0.3,orig_simpl_obj,3503
6-7,20,0.3,orig_minAB_obj,449
6-7,20,0.3,orig_simpl_obj,574
6-8,20,0.3,orig_minAB_obj,1276
6-8,20,0.3,orig_simpl_obj,1531
6-9,20,0.3,orig_minAB_obj,2192
6-9,20,0.3,orig_simpl_obj,2114
6-10,20,0.3,orig_minAB_obj,334
6-10,20,0.3,orig_simpl_obj,450
6-11,20,0.3,orig_minAB_obj,3014
6-11,20,0.3,orig_simpl_obj,2731
6-12,20,0.3,orig_minAB_obj,861
6-12,20,0.3,orig_simpl_obj,984
6-13,20,0.3,orig_minAB_obj,1945
6-13,20,0.3,orig_simpl_obj,2020
6-14,20,0.3,orig_minAB_obj,1879
6-14,20,0.3,orig_simpl_obj,1677
6-15,20,0.3,orig_minAB_obj,1753
6-15,20,0.3,orig_simpl_obj,1888
60-0,20,0.3,orig_minAB_obj,1431
60-0,20,0.3,orig_simpl_obj,2521
60-1,20,0.3,orig_minAB_obj,116
60-1,20,0.3,orig_simpl_obj,135
60-2,20,0.3,orig_minAB_obj,65
60-2,20,0.3,orig_simpl_obj,77
60-3,20,0.3,orig_minAB_obj,2411
60-3,20,0.3,orig_simpl_obj,1802
60-4,20,0.3,orig_minAB_obj,1258
60-4,20,0.3,orig_simpl_obj,1099
60-5,20,0.3,orig_minAB_obj,61
60-5,20,0.3,orig_simpl_obj,69
60-6,20,0.3,orig_minAB_obj,645
60-6,20,0.3,orig_simpl_obj,753
60-7,20,0.3,orig_minAB_obj,321
60-7,20,0.3,orig_simpl_obj,306
60-8,20,0.3,orig_minAB_obj,2318
60-8,20,0.3,orig_simpl_obj,2562
60-9,20,0.3,orig_minAB_obj,703
60-9,20,0.3,orig_simpl_obj,838
60-10,20,0.3,orig_minAB_obj,1433
60-10,20,0.3,orig_simpl_obj,2180
60-11,20,0.3,orig_minAB_obj,322
60-11,20,0.3,orig_simpl_obj,348
60-12,20,0.3,orig_minAB_obj,2530
60-12,20,0.3,orig_simpl_obj,2321
60-13,20,0.3,orig_minAB_obj,99
60-13,20,0.3,orig_simpl_obj,118
60-14,20,0.3,orig_minAB_obj,112
60-14,20,0.3,orig_simpl_obj,118
60-15,20,0.3,orig_minAB_obj,2233
60-15,20,0.3,orig_simpl_obj,1897
61-0,20,0.3,orig_minAB_obj,234
61-0,20,0.3,orig_simpl_obj,237
61-1,20,0.3,orig_minAB_obj,661
61-1,20,0.3,orig_simpl_obj,842
61-2,20,0.3,orig_minAB_obj,1395
61-2,20,0.3,orig_simpl_obj,1100
61-3,20,0.3,orig_minAB_obj,64
61-3,20,0.3,orig_simpl_obj,74
61-4,20,0.3,orig_minAB_obj,716
61-4,20,0.3,orig_simpl_obj,902
61-5,20,0.3,orig_minAB_obj,722
61-5,20,0.3,orig_simpl_obj,964
61-6,20,0.3,orig_minAB_obj,2258
61-6,20,0.3,orig_simpl_obj,2910
61-7,20,0.3,orig_minAB_obj,2355
61-7,20,0.3,orig_simpl_obj,2610
61-8,20,0.3,orig_minAB_obj,830
61-8,20,0.3,orig_simpl_obj,928
61-9,20,0.3,orig_minAB_obj,297
61-9,20,0.3,orig_simpl_obj,356
61-10,20,0.3,orig_minAB_obj,1259
61-10,20,0.3,orig_simpl_obj,1415
61-11,20,0.3,orig_minAB_obj,2831
61-11,20,0.3,orig_simpl_obj,2427
61-12,20,0.3,orig_minAB_obj,2332
61-12,20,0.3,orig_simpl_obj,1786
61-13,20,0.3,orig_minAB_obj,950
61-13,20,0.3,orig_simpl_obj,1189
61-14,20,0.3,orig_minAB_obj,940
61-14,20,0.3,orig_simpl_obj,879
61-15,20,0.3,orig_minAB_obj,2002
61-15,20,0.3,orig_simpl_obj,3892
62-0,20,0.3,orig_minAB_obj,452
62-0,20,0.3,orig_simpl_obj,429
62-1,20,0.3,orig_minAB_obj,1231
62-1,20,0.3,orig_simpl_obj,1882
62-2,20,0.3,orig_minAB_obj,1165
62-2,20,0.3,orig_simpl_obj,1432
62-3,20,0.3,orig_minAB_obj,2680
62-3,20,0.3,orig_simpl_obj,2560
62-4,20,0.3,orig_minAB_obj,1768
62-4,20,0.3,orig_simpl_obj,2065
62-5,20,0.3,orig_minAB_obj,354
62-5,20,0.3,orig_simpl_obj,546
62-6,20,0.3,orig_minAB_obj,54
62-6,20,0.3,orig_simpl_obj,62
62-7,20,0.3,orig_minAB_obj,1054
62-7,20,0.3,orig_simpl_obj,975
62-8,20,0.3,orig_minAB_obj,1501
62-8,20,0.3,orig_simpl_obj,1506
62-9,20,0.3,orig_minAB_obj,1999
62-9,20,0.3,orig_simpl_obj,1959
62-10,20,0.3,orig_minAB_obj,1541
62-10,20,0.3,orig_simpl_obj,1309
62-11,20,0.3,orig_minAB_obj,2192
62-11,20,0.3,orig_simpl_obj,2239
62-12,20,0.3,orig_minAB_obj,2381
62-12,20,0.3,orig_simpl_obj,2574
62-13,20,0.3,orig_minAB_obj,473
62-13,20,0.3,orig_simpl_obj,495
62-14,20,0.3,orig_minAB_obj,608
62-14,20,0.3,orig_simpl_obj,649
62-15,20,0.3,orig_minAB_obj,1602
62-15,20,0.3,orig_simpl_obj,1473
63-0,20,0.3,orig_minAB_obj,564
63-0,20,0.3,orig_simpl_obj,578
63-1,20,0.3,orig_minAB_obj,1693
63-1,20,0.3,orig_simpl_obj,1820
63-2,20,0.3,orig_minAB_obj,3467
63-2,20,0.3,orig_simpl_obj,3393
63-3,20,0.3,orig_minAB_obj,1406
63-3,20,0.3,orig_simpl_obj,1308
63-4,20,0.3,orig_minAB_obj,2346
63-4,20,0.3,orig_simpl_obj,2571
63-5,20,0.3,orig_minAB_obj,662
63-5,20,0.3,orig_simpl_obj,853
63-6,20,0.3,orig_minAB_obj,1554
63-6,20,0.3,orig_simpl_obj,1866
63-7,20,0.3,orig_minAB_obj,3238
63-7,20,0.3,orig_simpl_obj,4121
63-8,20,0.3,orig_minAB_obj,730
63-8,20,0.3,orig_simpl_obj,736
63-9,20,0.3,orig_minAB_obj,81
63-9,20,0.3,orig_simpl_obj,75
63-10,20,0.3,orig_minAB_obj,2358
63-10,20,0.3,orig_simpl_obj,2140
63-11,20,0.3,orig_minAB_obj,933
63-11,20,0.3,orig_simpl_obj,2389
63-12,20,0.3,orig_minAB_obj,1443
63-12,20,0.3,orig_simpl_obj,1975
63-13,20,0.3,orig_minAB_obj,87
63-13,20,0.3,orig_simpl_obj,89
63-14,20,0.3,orig_minAB_obj,1103
63-14,20,0.3,orig_simpl_obj,1313
63-15,20,0.3,orig_minAB_obj,759
63-15,20,0.3,orig_simpl_obj,820
64-0,20,0.3,orig_minAB_obj,2383
64-0,20,0.3,orig_simpl_obj,2271
64-1,20,0.3,orig_minAB_obj,1263
64-1,20,0.3,orig_simpl_obj,1166
64-2,20,0.3,orig_minAB_obj,1280
64-2,20,0.3,orig_simpl_obj,1409
64-3,20,0.3,orig_minAB_obj,3538
64-3,20,0.3,orig_simpl_obj,4104
64-4,20,0.3,orig_minAB_obj,1584
64-4,20,0.3,orig_simpl_obj,2386
64-5,20,0.3,orig_minAB_obj,1862
64-5,20,0.3,orig_simpl_obj,1850
64-6,20,0.3,orig_minAB_obj,125
64-6,20,0.3,orig_simpl_obj,151
64-7,20,0.3,orig_minAB_obj,85
64-7,20,0.3,orig_simpl_obj,90
64-8,20,0.3,orig_minAB_obj,1630
64-8,20,0.3,orig_simpl_obj,2034
64-9,20,0.3,orig_minAB_obj,399
64-9,20,0.3,orig_simpl_obj,394
64-10,20,0.3,orig_minAB_obj,1091
64-10,20,0.3,orig_simpl_obj,1095
64-11,20,0.3,orig_minAB_obj,870
64-11,20,0.3,orig_simpl_obj,765
64-12,20,0.3,orig_minAB_obj,1938
64-12,20,0.3,orig_simpl_obj,2212
64-13,20,0.3,orig_minAB_obj,2283
64-13,20,0.3,orig_simpl_obj,2425
64-14,20,0.3,orig_minAB_obj,1611
64-14,20,0.3,orig_simpl_obj,1826
64-15,20,0.3,orig_minAB_obj,943
64-15,20,0.3,orig_simpl_obj,1173
7-0,20,0.3,orig_minAB_obj,1114
7-0,20,0.3,orig_simpl_obj,1317
7-1,20,0.3,orig_minAB_obj,982
7-1,20,0.3,orig_simpl_obj,1164
7-2,20,0.3,orig_minAB_obj,310
7-2,20,0.3,orig_simpl_obj,287
7-3,20,0.3,orig_minAB_obj,2211
7-3,20,0.3,orig_simpl_obj,3552
7-4,20,0.3,orig_minAB_obj,1902
7-4,20,0.3,orig_simpl_obj,2137
7-5,20,0.3,orig_minAB_obj,1771
7-5,20,0.3,orig_simpl_obj,1793
7-6,20,0.3,orig_minAB_obj,194
7-6,20,0.3,orig_simpl_obj,203
7-7,20,0.3,orig_minAB_obj,137
7-7,20,0.3,orig_simpl_obj,119
7-8,20,0.3,orig_minAB_obj,117
7-8,20,0.3,orig_simpl_obj,121
7-9,20,0.3,orig_minAB_obj,363
7-9,20,0.3,orig_simpl_obj,467
7-10,20,0.3,orig_minAB_obj,2441
7-10,20,0.3,orig_simpl_obj,2302
7-11,20,0.3,orig_minAB_obj,1431
7-11,20,0.3,orig_simpl_obj,1436
7-12,20,0.3,orig_minAB_obj,1398
7-12,20,0.3,orig_simpl_obj,1477
7-13,20,0.3,orig_minAB_obj,59
7-13,20,0.3,orig_simpl_obj,66
7-14,20,0.3,orig_minAB_obj,987
7-14,20,0.3,orig_simpl_obj,1228
7-15,20,0.3,orig_minAB_obj,1593
7-15,20,0.3,orig_simpl_obj,1749
8-0,20,0.3,orig_minAB_obj,2719
8-0,20,0.3,orig_simpl_obj,4396
8-1,20,0.3,orig_minAB_obj,130
8-1,20,0.3,orig_simpl_obj,138
8-2,20,0.3,orig_minAB_obj,1331
8-2,20,0.3,orig_simpl_obj,1336
8-3,20,0.3,orig_minAB_obj,1075
8-3,20,0.3,orig_simpl_obj,1189
8-4,20,0.3,orig_minAB_obj,923
8-4,20,0.3,orig_simpl_obj,1104
8-5,20,0.3,orig_minAB_obj,449
8-5,20,0.3,orig_simpl_obj,487
8-6,20,0.3,orig_minAB_obj,2097
8-6,20,0.3,orig_simpl_obj,2163
8-7,20,0.3,orig_minAB_obj,1554
8-7,20,0.3,orig_simpl_obj,1344
8-8,20,0.3,orig_minAB_obj,2314
8-8,20,0.3,orig_simpl_obj,2031
8-9,20,0.3,orig_minAB_obj,1657
8-9,20,0.3,orig_simpl_obj,1821
8-10,20,0.3,orig_minAB_obj,304
8-10,20,0.3,orig_simpl_obj,288
8-11,20,0.3,orig_minAB_obj,919
8-11,20,0.3,orig_simpl_obj,1109
8-12,20,0.3,orig_minAB_obj,153
8-12,20,0.3,orig_simpl_obj,167
8-13,20,0.3,orig_minAB_obj,1259
8-13,20,0.3,orig_simpl_obj,1285
8-14,20,0.3,orig_minAB_obj,1979
8-14,20,0.3,orig_simpl_obj,2522
8-15,20,0.3,orig_minAB_obj,2071
8-15,20,0.3,orig_simpl_obj,2786
9-0,20,0.3,orig_minAB_obj,2024
9-0,20,0.3,orig_simpl_obj,1964
9-1,20,0.3,orig_minAB_obj,1782
9-1,20,0.3,orig_simpl_obj,1780
9-2,20,0.3,orig_minAB_obj,334
9-2,20,0.3,orig_simpl_obj,375
9-3,20,0.3,orig_minAB_obj,306
9-3,20,0.3,orig_simpl_obj,295
9-4,20,0.3,orig_minAB_obj,1103
9-4,20,0.3,orig_simpl_obj,1552
9-5,20,0.3,orig_minAB_obj,159
9-5,20,0.3,orig_simpl_obj,170
9-6,20,0.3,orig_minAB_obj,1476
9-6,20,0.3,orig_simpl_obj,1939
9-7,20,0.3,orig_minAB_obj,2541
9-7,20,0.3,orig_simpl_obj,2627
9-8,20,0.3,orig_minAB_obj,197
9-8,20,0.3,orig_simpl_obj,210
9-9,20,0.3,orig_minAB_obj,795
9-9,20,0.3,orig_simpl_obj,863
9-10,20,0.3,orig_minAB_obj,439
9-10,20,0.3,orig_simpl_obj,377
9-11,20,0.3,orig_minAB_obj,721
9-11,20,0.3,orig_simpl_obj,764
9-12,20,0.3,orig_minAB_obj,39
9-12,20,0.3,orig_simpl_obj,39
9-13,20,0.3,orig_minAB_obj,1037
9-13,20,0.3,orig_simpl_obj,905
9-14,20,0.3,orig_minAB_obj,575
9-14,20,0.3,orig_simpl_obj,557
9-15,20,0.3,orig_minAB_obj,1613
9-15,20,0.3,orig_simpl_obj,1801
